trID;oldVer;newVer;Table;EventType;attrName;attrType;iskey;pkey;fkey
1;1154358852.sql;1154698901.sql;-;-;-;-;-;-;-
2;1154698901.sql;1156863525.sql;hlt_tc_to_st;Deletion:DeleteTable;htc2st_id;NUMBER(10);TRUE;0;-
2;1154698901.sql;1156863525.sql;hlt_tc_to_st;Deletion:DeleteTable;htc2st_modified_time;TIMESTAMP;FALSE;0;-
2;1154698901.sql;1156863525.sql;hlt_tc_to_st;Deletion:DeleteTable;htc2st_setup_id;NUMBER(10);FALSE;0;hst_id@hlt_setup
2;1154698901.sql;1156863525.sql;hlt_tc_to_st;Deletion:DeleteTable;htc2st_trigger_chain_id;NUMBER(10);FALSE;0;htc_id@hlt_trigger_chain
2;1154698901.sql;1156863525.sql;hlt_tc_to_st;Deletion:DeleteTable;htc2st_used;CHAR;FALSE;0;-
2;1154698901.sql;1156863525.sql;hlt_tc_to_st;Deletion:DeleteTable;htc2st_username;VARCHAR2(15);FALSE;0;-
3;1156863525.sql;1159353929.sql;hlt_prescale;Insertion:UpdateTable;hpr_l2_or_ef;VARCHAR2(2);FALSE;0;-
3;1156863525.sql;1159353929.sql;hlt_tc_to_tr;Insertion:NewTable;htc2tr_id;NUMBER(10);TRUE;0;-
3;1156863525.sql;1159353929.sql;hlt_tc_to_tr;Insertion:NewTable;htc2tr_modified_time;TIMESTAMP;FALSE;0;-
3;1156863525.sql;1159353929.sql;hlt_tc_to_tr;Insertion:NewTable;htc2tr_trigger_chain_id;NUMBER(10);FALSE;0;htc_id@hlt_trigger_chain
3;1156863525.sql;1159353929.sql;hlt_tc_to_tr;Insertion:NewTable;htc2tr_trigger_stream_id;NUMBER(10);FALSE;0;hts_id@hlt_trigger_stream
3;1156863525.sql;1159353929.sql;hlt_tc_to_tr;Insertion:NewTable;htc2tr_used;CHAR;FALSE;0;-
3;1156863525.sql;1159353929.sql;hlt_tc_to_tr;Insertion:NewTable;htc2tr_username;VARCHAR2(15);FALSE;0;-
3;1156863525.sql;1159353929.sql;hlt_trigger_stream;Insertion:NewTable;hts_id;NUMBER(10);TRUE;0;-
3;1156863525.sql;1159353929.sql;hlt_trigger_stream;Insertion:NewTable;hts_modified_time;TIMESTAMP;FALSE;0;-
3;1156863525.sql;1159353929.sql;hlt_trigger_stream;Insertion:NewTable;hts_stream_description;VARCHAR2(200);FALSE;0;-
3;1156863525.sql;1159353929.sql;hlt_trigger_stream;Insertion:NewTable;hts_stream_letter;VARCHAR2(3);FALSE;0;-
3;1156863525.sql;1159353929.sql;hlt_trigger_stream;Insertion:NewTable;hts_used;CHAR;FALSE;0;-
3;1156863525.sql;1159353929.sql;hlt_trigger_stream;Insertion:NewTable;hts_username;VARCHAR2(15);FALSE;0;-
4;1159353929.sql;1159354265.sql;-;-;-;-;-;-;-
5;1159354265.sql;1159361402.sql;hlt_component;Update:TypeChange;hcp_alias;VARCHAR2(150);FALSE;0;-
5;1159354265.sql;1159361402.sql;hlt_component;Update:TypeChange;hcp_name;VARCHAR2(150);FALSE;0;-
5;1159354265.sql;1159361402.sql;hlt_trigger_element;Update:TypeChange;hte_name;VARCHAR2(30);FALSE;0;-
6;1159361402.sql;1159373801.sql;hlt_trigger_chain;Deletion:UpdateTable;htc_fa_rate;NUMBER(11,5);FALSE;0;-
6;1159361402.sql;1159373801.sql;hlt_trigger_chain;Insertion:UpdateTable;htc_pass_through_rate;NUMBER(11,5);FALSE;0;-
7;1159373801.sql;1159376519.sql;hlt_component;Update:TypeChange;hcp_version;NUMBER(11);FALSE;0;-
7;1159373801.sql;1159376519.sql;hlt_environment;Update:TypeChange;hen_version;NUMBER(11);FALSE;0;-
7;1159373801.sql;1159376519.sql;hlt_master_table;Update:TypeChange;hmt_version;NUMBER(11);FALSE;0;-
7;1159373801.sql;1159376519.sql;hlt_prescale_set;Update:TypeChange;hps_version;NUMBER(11);FALSE;0;-
7;1159373801.sql;1159376519.sql;hlt_setup;Update:TypeChange;hst_version;NUMBER(11);FALSE;0;-
7;1159373801.sql;1159376519.sql;hlt_trigger_chain;Update:TypeChange;htc_version;NUMBER(11);FALSE;0;-
7;1159373801.sql;1159376519.sql;hlt_trigger_element;Update:TypeChange;hte_version;NUMBER(11);FALSE;0;-
7;1159373801.sql;1159376519.sql;hlt_trigger_menu;Update:TypeChange;htm_version;NUMBER(11);FALSE;0;-
7;1159373801.sql;1159376519.sql;super_master_table;Update:TypeChange;smt_version;NUMBER(11);FALSE;0;-
8;1159376519.sql;1160658876.sql;hlt_trigger_chain;Update:TypeChange;htc_pass_through_rate;NUMBER(10);FALSE;0;-
9;1160658876.sql;1161079386.sql;hlt_trigger_stream;Insertion:UpdateTable;htr_id;NUMBER(10);TRUE;0;-
9;1160658876.sql;1161079386.sql;hlt_trigger_stream;Insertion:UpdateTable;htr_modified_time;TIMESTAMP;FALSE;0;-
9;1160658876.sql;1161079386.sql;hlt_trigger_stream;Insertion:UpdateTable;htr_stream_description;VARCHAR2(200);FALSE;0;-
9;1160658876.sql;1161079386.sql;hlt_trigger_stream;Insertion:UpdateTable;htr_stream_letter;VARCHAR2(3);FALSE;0;-
9;1160658876.sql;1161079386.sql;hlt_trigger_stream;Insertion:UpdateTable;htr_used;CHAR;FALSE;0;-
9;1160658876.sql;1161079386.sql;hlt_trigger_stream;Insertion:UpdateTable;htr_username;VARCHAR2(15);FALSE;0;-
9;1160658876.sql;1161079386.sql;hlt_trigger_stream;Deletion:UpdateTable;hts_id;NUMBER(10);TRUE;0;-
9;1160658876.sql;1161079386.sql;hlt_trigger_stream;Deletion:UpdateTable;hts_modified_time;TIMESTAMP;FALSE;0;-
9;1160658876.sql;1161079386.sql;hlt_trigger_stream;Deletion:UpdateTable;hts_stream_description;VARCHAR2(200);FALSE;0;-
9;1160658876.sql;1161079386.sql;hlt_trigger_stream;Deletion:UpdateTable;hts_stream_letter;VARCHAR2(3);FALSE;0;-
9;1160658876.sql;1161079386.sql;hlt_trigger_stream;Deletion:UpdateTable;hts_used;CHAR;FALSE;0;-
9;1160658876.sql;1161079386.sql;hlt_trigger_stream;Deletion:UpdateTable;hts_username;VARCHAR2(15);FALSE;0;-
10;1161079386.sql;1161808009.sql;-;-;-;-;-;-;-
11;1161808009.sql;1162236613.sql;hlt_trigger_stream;Insertion:UpdateTable;htr_obeyLB;VARCHAR2(5);FALSE;0;-
11;1161808009.sql;1162236613.sql;hlt_trigger_stream;Insertion:UpdateTable;htr_stream_name;VARCHAR2(40);FALSE;0;-
11;1161808009.sql;1162236613.sql;hlt_trigger_stream;Insertion:UpdateTable;htr_stream_type;VARCHAR2(10);FALSE;0;-
11;1161808009.sql;1162236613.sql;hlt_trigger_stream;Deletion:UpdateTable;htr_stream_letter;VARCHAR2(3);FALSE;0;-
12;1162236613.sql;1162894383.sql;l1_muon_threshold_sets;Insertion:NewTable;l1mts_avl;CHAR;FALSE;0;-
12;1162236613.sql;1162894383.sql;l1_muon_threshold_sets;Insertion:NewTable;l1mts_avl_onl;CHAR;FALSE;0;-
12;1162236613.sql;1162894383.sql;l1_muon_threshold_sets;Insertion:NewTable;l1mts_id;NUMBER(10);TRUE;0;-
12;1162236613.sql;1162894383.sql;l1_muon_threshold_sets;Insertion:NewTable;l1mts_modified_time;TIMESTAMP;FALSE;0;-
12;1162236613.sql;1162894383.sql;l1_muon_threshold_sets;Insertion:NewTable;l1mts_name;VARCHAR2(20);FALSE;0;-
12;1162236613.sql;1162894383.sql;l1_muon_threshold_sets;Insertion:NewTable;l1mts_pt1;NUMBER(5);FALSE;0;-
12;1162236613.sql;1162894383.sql;l1_muon_threshold_sets;Insertion:NewTable;l1mts_pt2;NUMBER(5);FALSE;0;-
12;1162236613.sql;1162894383.sql;l1_muon_threshold_sets;Insertion:NewTable;l1mts_pt3;NUMBER(5);FALSE;0;-
12;1162236613.sql;1162894383.sql;l1_muon_threshold_sets;Insertion:NewTable;l1mts_pt4;NUMBER(5);FALSE;0;-
12;1162236613.sql;1162894383.sql;l1_muon_threshold_sets;Insertion:NewTable;l1mts_pt5;NUMBER(5);FALSE;0;-
12;1162236613.sql;1162894383.sql;l1_muon_threshold_sets;Insertion:NewTable;l1mts_pt6;NUMBER(5);FALSE;0;-
12;1162236613.sql;1162894383.sql;l1_muon_threshold_sets;Insertion:NewTable;l1mts_used;CHAR;FALSE;0;-
12;1162236613.sql;1162894383.sql;l1_muon_threshold_sets;Insertion:NewTable;l1mts_username;VARCHAR2(15);FALSE;0;-
12;1162236613.sql;1162894383.sql;l1_muon_threshold_sets;Insertion:NewTable;l1mts_version;NUMBER(11,5);FALSE;0;-
13;1162894383.sql;1162912964.sql;hlt_parameter;Update:TypeChange;hpa_value;VARCHAR2(40000);FALSE;0;-
14;1162912964.sql;1171279747.sql;hlt_parameter;Update:TypeChange;hpa_value;VARCHAR2(4000);FALSE;0;-
14;1162912964.sql;1171279747.sql;l1_bunch_group;Update:TypeChange;l1bg_version;NUMBER(11);FALSE;0;-
14;1162912964.sql;1171279747.sql;l1_bunch_group_set;Update:TypeChange;l1bgs_version;NUMBER(11);FALSE;0;-
14;1162912964.sql;1171279747.sql;l1_calo_info;Update:TypeChange;l1ci_version;NUMBER(11);FALSE;0;-
14;1162912964.sql;1171279747.sql;l1_calo_sin_cos;Update:TypeChange;l1csc_version;NUMBER(11);FALSE;0;-
14;1162912964.sql;1171279747.sql;l1_ctp_files;Update:TypeChange;l1cf_version;NUMBER(11);FALSE;0;-
14;1162912964.sql;1171279747.sql;l1_ctp_smx;Update:TypeChange;l1smx_version;NUMBER(11);FALSE;0;-
14;1162912964.sql;1171279747.sql;l1_dead_time;Update:TypeChange;l1dt_version;NUMBER(11);FALSE;0;-
14;1162912964.sql;1171279747.sql;l1_jet_input;Update:TypeChange;l1ji_version;NUMBER(11);FALSE;0;-
14;1162912964.sql;1171279747.sql;l1_master_table;Update:TypeChange;l1mt_version;NUMBER(11);FALSE;0;-
14;1162912964.sql;1171279747.sql;l1_muctpi_info;Update:TypeChange;l1mi_version;NUMBER(11);FALSE;0;-
14;1162912964.sql;1171279747.sql;l1_muon_threshold_sets;Update:TypeChange;l1mts_version;NUMBER(11);FALSE;0;-
14;1162912964.sql;1171279747.sql;l1_prescale_set;Update:TypeChange;l1ps_version;NUMBER(11);FALSE;0;-
14;1162912964.sql;1171279747.sql;l1_prescaled_clock;Update:TypeChange;l1pc_version;NUMBER(11);FALSE;0;-
14;1162912964.sql;1171279747.sql;l1_random;Update:TypeChange;l1r_version;NUMBER(11);FALSE;0;-
14;1162912964.sql;1171279747.sql;l1_trigger_item;Update:TypeChange;l1ti_version;NUMBER(11);FALSE;0;-
14;1162912964.sql;1171279747.sql;l1_trigger_menu;Update:TypeChange;l1tm_version;NUMBER(11);FALSE;0;-
14;1162912964.sql;1171279747.sql;l1_trigger_threshold;Update:TypeChange;l1tt_version;NUMBER(11);FALSE;0;-
14;1162912964.sql;1171279747.sql;l1_trigger_threshold_value;Update:TypeChange;l1ttv_version;NUMBER(11);FALSE;0;-
14;1162912964.sql;1171279747.sql;l1_trigger_type;Update:TypeChange;l1tty_version;NUMBER(11);FALSE;0;-
15;1171279747.sql;1171631858.sql;hlt_parameter;Update:TypeChange;hpa_value;VARCHAR2(40000);FALSE;0;-
16;1171631858.sql;1173192959.sql;super_master_table;Update:TypeChange;smt_name;VARCHAR2(50);FALSE;0;-
17;1173192959.sql;1173876121.sql;hlt_tc_to_tr;Insertion:UpdateTable;htc2tr_trigger_stream_prescale;NUMBER(10);FALSE;0;-
17;1173192959.sql;1173876121.sql;hlt_te_to_te;Insertion:UpdateTable;hte2te_trigger_element_counter;NUMBER(3);FALSE;0;-
17;1173192959.sql;1173876121.sql;hlt_trigger_stream;Update:TypeChange;htr_stream_type;VARCHAR2(25);FALSE;0;-
17;1173192959.sql;1173876121.sql;hlt_trigger_type;Insertion:NewTable;htt_id;NUMBER(10);TRUE;0;-
17;1173192959.sql;1173876121.sql;hlt_trigger_type;Insertion:NewTable;htt_modified_time;TIMESTAMP;FALSE;0;-
17;1173192959.sql;1173876121.sql;hlt_trigger_type;Insertion:NewTable;htt_trigger_chain_id;NUMBER(10);FALSE;0;htc_id@hlt_trigger_chain
17;1173192959.sql;1173876121.sql;hlt_trigger_type;Insertion:NewTable;htt_typebit;NUMBER(10);FALSE;0;-
17;1173192959.sql;1173876121.sql;hlt_trigger_type;Insertion:NewTable;htt_used;CHAR;FALSE;0;-
17;1173192959.sql;1173876121.sql;hlt_trigger_type;Insertion:NewTable;htt_username;VARCHAR2(15);FALSE;0;-
17;1173192959.sql;1173876121.sql;super_master_table;Update:TypeChange;smt_name;VARCHAR2(15);FALSE;0;-
18;1173876121.sql;1175097326.sql;l1_trigger_threshold;Insertion:UpdateTable;l1tt_active;NUMBER(1);FALSE;0;-
18;1173876121.sql;1175097326.sql;l1_trigger_threshold;Insertion:UpdateTable;l1tt_mapping;NUMBER(10);FALSE;0;-
19;1175097326.sql;1176293726.sql;hlt_component;Update:TypeChange;hcp_username;VARCHAR2(30);FALSE;0;-
19;1175097326.sql;1176293726.sql;hlt_cp_to_pa;Update:TypeChange;hcp2pa_username;VARCHAR2(30);FALSE;0;-
19;1175097326.sql;1176293726.sql;hlt_dll;Update:TypeChange;hdl_username;VARCHAR2(30);FALSE;0;-
19;1175097326.sql;1176293726.sql;hlt_environment;Update:TypeChange;hen_username;VARCHAR2(30);FALSE;0;-
19;1175097326.sql;1176293726.sql;hlt_force_dll;Update:TypeChange;hfd_username;VARCHAR2(30);FALSE;0;-
19;1175097326.sql;1176293726.sql;hlt_master_table;Update:TypeChange;hmt_username;VARCHAR2(30);FALSE;0;-
19;1175097326.sql;1176293726.sql;hlt_parameter;Update:TypeChange;hpa_username;VARCHAR2(30);FALSE;0;-
19;1175097326.sql;1176293726.sql;hlt_prescale;Update:TypeChange;hpr_username;VARCHAR2(30);FALSE;0;-
19;1175097326.sql;1176293726.sql;hlt_prescale_set;Update:TypeChange;hps_username;VARCHAR2(30);FALSE;0;-
19;1175097326.sql;1176293726.sql;hlt_property;Update:TypeChange;hpy_username;VARCHAR2(30);FALSE;0;-
19;1175097326.sql;1176293726.sql;hlt_re_to_dl;Update:TypeChange;hre2dl_username;VARCHAR2(30);FALSE;0;-
19;1175097326.sql;1176293726.sql;hlt_release;Update:TypeChange;hre_username;VARCHAR2(30);FALSE;0;-
19;1175097326.sql;1176293726.sql;hlt_setup;Update:TypeChange;hst_username;VARCHAR2(30);FALSE;0;-
19;1175097326.sql;1176293726.sql;hlt_source;Update:TypeChange;hso_username;VARCHAR2(30);FALSE;0;-
19;1175097326.sql;1176293726.sql;hlt_st_to_cp;Update:TypeChange;hst2cp_username;VARCHAR2(30);FALSE;0;-
19;1175097326.sql;1176293726.sql;hlt_tc_to_tr;Update:TypeChange;htc2tr_username;VARCHAR2(30);FALSE;0;-
19;1175097326.sql;1176293726.sql;hlt_tc_to_ts;Update:TypeChange;htc2ts_username;VARCHAR2(30);FALSE;0;-
19;1175097326.sql;1176293726.sql;hlt_te_to_cp;Update:TypeChange;hte2cp_username;VARCHAR2(30);FALSE;0;-
19;1175097326.sql;1176293726.sql;hlt_te_to_te;Update:TypeChange;hte2te_username;VARCHAR2(30);FALSE;0;-
19;1175097326.sql;1176293726.sql;hlt_tm_to_tc;Update:TypeChange;htm2tc_username;VARCHAR2(30);FALSE;0;-
19;1175097326.sql;1176293726.sql;hlt_trigger_chain;Update:TypeChange;htc_username;VARCHAR2(30);FALSE;0;-
19;1175097326.sql;1176293726.sql;hlt_trigger_element;Update:TypeChange;hte_username;VARCHAR2(30);FALSE;0;-
19;1175097326.sql;1176293726.sql;hlt_trigger_menu;Update:TypeChange;htm_username;VARCHAR2(30);FALSE;0;-
19;1175097326.sql;1176293726.sql;hlt_trigger_signature;Update:TypeChange;hts_username;VARCHAR2(30);FALSE;0;-
19;1175097326.sql;1176293726.sql;hlt_trigger_stream;Update:TypeChange;htr_username;VARCHAR2(30);FALSE;0;-
19;1175097326.sql;1176293726.sql;hlt_trigger_type;Update:TypeChange;htt_username;VARCHAR2(30);FALSE;0;-
19;1175097326.sql;1176293726.sql;hlt_ts_to_te;Update:TypeChange;hts2te_username;VARCHAR2(30);FALSE;0;-
19;1175097326.sql;1176293726.sql;l1_bg_to_b;Update:TypeChange;l1bg2b_username;VARCHAR2(30);FALSE;0;-
19;1175097326.sql;1176293726.sql;l1_bgs_to_bg;Update:TypeChange;l1bgs2bg_username;VARCHAR2(30);FALSE;0;-
19;1175097326.sql;1176293726.sql;l1_bunch_group;Update:TypeChange;l1bg_username;VARCHAR2(30);FALSE;0;-
19;1175097326.sql;1176293726.sql;l1_bunch_group_set;Update:TypeChange;l1bgs_username;VARCHAR2(30);FALSE;0;-
19;1175097326.sql;1176293726.sql;l1_calo_info;Update:TypeChange;l1ci_username;VARCHAR2(30);FALSE;0;-
19;1175097326.sql;1176293726.sql;l1_calo_sin_cos;Update:TypeChange;l1csc_username;VARCHAR2(30);FALSE;0;-
19;1175097326.sql;1176293726.sql;l1_ci_to_csc;Update:TypeChange;l1ci2csc_username;VARCHAR2(30);FALSE;0;-
19;1175097326.sql;1176293726.sql;l1_ctp_files;Update:TypeChange;l1cf_username;VARCHAR2(30);FALSE;0;-
19;1175097326.sql;1176293726.sql;l1_ctp_smx;Update:TypeChange;l1smx_username;VARCHAR2(30);FALSE;0;-
19;1175097326.sql;1176293726.sql;l1_dead_time;Update:TypeChange;l1dt_username;VARCHAR2(30);FALSE;0;-
19;1175097326.sql;1176293726.sql;l1_jet_input;Update:TypeChange;l1ji_username;VARCHAR2(30);FALSE;0;-
19;1175097326.sql;1176293726.sql;l1_master_table;Update:TypeChange;l1mt_username;VARCHAR2(30);FALSE;0;-
19;1175097326.sql;1176293726.sql;l1_muctpi_info;Update:TypeChange;l1mi_username;VARCHAR2(30);FALSE;0;-
19;1175097326.sql;1176293726.sql;l1_muon_threshold_sets;Update:TypeChange;l1mts_username;VARCHAR2(30);FALSE;0;-
19;1175097326.sql;1176293726.sql;l1_prescale_set;Update:TypeChange;l1ps_username;VARCHAR2(30);FALSE;0;-
19;1175097326.sql;1176293726.sql;l1_prescaled_clock;Update:TypeChange;l1pc_username;VARCHAR2(30);FALSE;0;-
19;1175097326.sql;1176293726.sql;l1_random;Update:TypeChange;l1r_username;VARCHAR2(30);FALSE;0;-
19;1175097326.sql;1176293726.sql;l1_ti_to_tt;Update:TypeChange;l1ti2tt_username;VARCHAR2(30);FALSE;0;-
19;1175097326.sql;1176293726.sql;l1_tm_to_ti;Update:TypeChange;l1tm2ti_username;VARCHAR2(30);FALSE;0;-
19;1175097326.sql;1176293726.sql;l1_tm_to_tt;Update:TypeChange;l1tm2tt_username;VARCHAR2(30);FALSE;0;-
19;1175097326.sql;1176293726.sql;l1_tm_to_tt_forced;Update:TypeChange;l1tm2ttf_username;VARCHAR2(30);FALSE;0;-
19;1175097326.sql;1176293726.sql;l1_trigger_item;Update:TypeChange;l1ti_username;VARCHAR2(30);FALSE;0;-
19;1175097326.sql;1176293726.sql;l1_trigger_menu;Update:TypeChange;l1tm_username;VARCHAR2(30);FALSE;0;-
19;1175097326.sql;1176293726.sql;l1_trigger_threshold;Update:TypeChange;l1tt_username;VARCHAR2(30);FALSE;0;-
19;1175097326.sql;1176293726.sql;l1_trigger_threshold_value;Update:TypeChange;l1ttv_username;VARCHAR2(30);FALSE;0;-
19;1175097326.sql;1176293726.sql;l1_trigger_type;Update:TypeChange;l1tty_username;VARCHAR2(30);FALSE;0;-
19;1175097326.sql;1176293726.sql;l1_tt_to_ttv;Update:TypeChange;l1tt2ttv_username;VARCHAR2(30);FALSE;0;-
19;1175097326.sql;1176293726.sql;super_master_table;Update:TypeChange;smt_username;VARCHAR2(30);FALSE;0;-
19;1175097326.sql;1176293726.sql;trigger_next_run;Update:TypeChange;tnr_username;VARCHAR2(30);FALSE;0;-
20;1176293726.sql;1176466088.sql;-;-;-;-;-;-;-
21;1176466088.sql;1177346675.sql;-;-;-;-;-;-;-
22;1177346675.sql;1177518923.sql;hlt_dl_to_en;Deletion:DeleteTable;hdl2en_dll_id;NUMBER(10);FALSE;0;hdl_id@hlt_dll
22;1177346675.sql;1177518923.sql;hlt_dl_to_en;Deletion:DeleteTable;hdl2en_environment_id;NUMBER(10);FALSE;0;hen_id@hlt_environment
22;1177346675.sql;1177518923.sql;hlt_dl_to_en;Deletion:DeleteTable;hdl2en_id;NUMBER(10);TRUE;0;-
22;1177346675.sql;1177518923.sql;hlt_dll;Deletion:DeleteTable;hdl_cmt_version;VARCHAR2(60);FALSE;0;-
22;1177346675.sql;1177518923.sql;hlt_dll;Deletion:DeleteTable;hdl_id;NUMBER(10);TRUE;0;-
22;1177346675.sql;1177518923.sql;hlt_dll;Deletion:DeleteTable;hdl_modified_time;TIMESTAMP;FALSE;0;-
22;1177346675.sql;1177518923.sql;hlt_dll;Deletion:DeleteTable;hdl_name;VARCHAR2(50);FALSE;0;-
22;1177346675.sql;1177518923.sql;hlt_dll;Deletion:DeleteTable;hdl_package;VARCHAR2(50);FALSE;0;-
22;1177346675.sql;1177518923.sql;hlt_dll;Deletion:DeleteTable;hdl_used;CHAR;FALSE;0;-
22;1177346675.sql;1177518923.sql;hlt_dll;Deletion:DeleteTable;hdl_username;VARCHAR2(30);FALSE;0;-
22;1177346675.sql;1177518923.sql;hlt_environment;Deletion:DeleteTable;hen_id;NUMBER(10);TRUE;0;-
22;1177346675.sql;1177518923.sql;hlt_environment;Deletion:DeleteTable;hen_modified_time;TIMESTAMP;FALSE;0;-
22;1177346675.sql;1177518923.sql;hlt_environment;Deletion:DeleteTable;hen_name;VARCHAR2(20);FALSE;0;-
22;1177346675.sql;1177518923.sql;hlt_environment;Deletion:DeleteTable;hen_used;CHAR;FALSE;0;-
22;1177346675.sql;1177518923.sql;hlt_environment;Deletion:DeleteTable;hen_username;VARCHAR2(30);FALSE;0;-
22;1177346675.sql;1177518923.sql;hlt_environment;Deletion:DeleteTable;hen_value;VARCHAR2(20);FALSE;0;-
22;1177346675.sql;1177518923.sql;hlt_environment;Deletion:DeleteTable;hen_version;NUMBER(11);FALSE;0;-
22;1177346675.sql;1177518923.sql;hlt_parameter;Update:TypeChange;hpa_value;VARCHAR2(4000);FALSE;0;-
22;1177346675.sql;1177518923.sql;hlt_property;Deletion:DeleteTable;hpy_id;NUMBER(10);TRUE;0;-
22;1177346675.sql;1177518923.sql;hlt_property;Deletion:DeleteTable;hpy_modified_time;TIMESTAMP;FALSE;0;-
22;1177346675.sql;1177518923.sql;hlt_property;Deletion:DeleteTable;hpy_name;VARCHAR2(50);FALSE;0;-
22;1177346675.sql;1177518923.sql;hlt_property;Deletion:DeleteTable;hpy_type;VARCHAR2(50);FALSE;0;-
22;1177346675.sql;1177518923.sql;hlt_property;Deletion:DeleteTable;hpy_used;CHAR;FALSE;0;-
22;1177346675.sql;1177518923.sql;hlt_property;Deletion:DeleteTable;hpy_username;VARCHAR2(30);FALSE;0;-
22;1177346675.sql;1177518923.sql;hlt_property;Deletion:DeleteTable;hpy_value;VARCHAR2(4000);FALSE;0;-
22;1177346675.sql;1177518923.sql;hlt_re_to_dl;Deletion:DeleteTable;hre2dl_dll_id;NUMBER(10);FALSE;0;hdl_id@hlt_dll
22;1177346675.sql;1177518923.sql;hlt_re_to_dl;Deletion:DeleteTable;hre2dl_id;NUMBER(10);TRUE;0;-
22;1177346675.sql;1177518923.sql;hlt_re_to_dl;Deletion:DeleteTable;hre2dl_modified_time;TIMESTAMP;FALSE;0;-
22;1177346675.sql;1177518923.sql;hlt_re_to_dl;Deletion:DeleteTable;hre2dl_release_id;NUMBER(10);FALSE;0;hre_id@hlt_release
22;1177346675.sql;1177518923.sql;hlt_re_to_dl;Deletion:DeleteTable;hre2dl_used;CHAR;FALSE;0;-
22;1177346675.sql;1177518923.sql;hlt_re_to_dl;Deletion:DeleteTable;hre2dl_username;VARCHAR2(30);FALSE;0;-
22;1177346675.sql;1177518923.sql;hlt_so_to_dl;Deletion:DeleteTable;hso2dl_dll_id;NUMBER(10);FALSE;0;hdl_id@hlt_dll
22;1177346675.sql;1177518923.sql;hlt_so_to_dl;Deletion:DeleteTable;hso2dl_id;NUMBER(10);TRUE;0;-
22;1177346675.sql;1177518923.sql;hlt_so_to_dl;Deletion:DeleteTable;hso2dl_source_id;NUMBER(10);FALSE;0;hso_id@hlt_source
22;1177346675.sql;1177518923.sql;hlt_so_to_py;Deletion:DeleteTable;hso2py_id;NUMBER(10);TRUE;0;-
22;1177346675.sql;1177518923.sql;hlt_so_to_py;Deletion:DeleteTable;hso2py_property_id;NUMBER(10);FALSE;0;hpy_id@hlt_property
22;1177346675.sql;1177518923.sql;hlt_so_to_py;Deletion:DeleteTable;hso2py_source_id;NUMBER(10);FALSE;0;hso_id@hlt_source
22;1177346675.sql;1177518923.sql;hlt_source;Deletion:DeleteTable;hso_gaudi_type;VARCHAR2(50);FALSE;0;-
22;1177346675.sql;1177518923.sql;hlt_source;Deletion:DeleteTable;hso_id;NUMBER(10);TRUE;0;-
22;1177346675.sql;1177518923.sql;hlt_source;Deletion:DeleteTable;hso_modified_time;TIMESTAMP;FALSE;0;-
22;1177346675.sql;1177518923.sql;hlt_source;Deletion:DeleteTable;hso_name;VARCHAR2(50);FALSE;0;-
22;1177346675.sql;1177518923.sql;hlt_source;Deletion:DeleteTable;hso_used;CHAR;FALSE;0;-
22;1177346675.sql;1177518923.sql;hlt_source;Deletion:DeleteTable;hso_username;VARCHAR2(30);FALSE;0;-
23;1177518923.sql;1177593315.sql;hlt_tm_to_tc;Deletion:UpdateTable;htm2tc_chain_counter;NUMBER(10);FALSE;0;-
23;1177518923.sql;1177593315.sql;hlt_trigger_chain;Insertion:UpdateTable;htc_chain_counter;NUMBER(10);FALSE;0;-
23;1177518923.sql;1177593315.sql;hlt_trigger_stream;Insertion:UpdateTable;htr_name;VARCHAR2(40);FALSE;0;-
23;1177518923.sql;1177593315.sql;hlt_trigger_stream;Deletion:UpdateTable;htr_stream_name;VARCHAR2(40);FALSE;0;-
23;1177518923.sql;1177593315.sql;l1_tm_to_ti;Deletion:UpdateTable;l1tm2ti_ctp_id;NUMBER(10);FALSE;0;-
23;1177518923.sql;1177593315.sql;l1_trigger_item;Insertion:UpdateTable;l1ti_ctp_id;NUMBER(10);FALSE;0;-
24;1177593315.sql;1177920727.sql;l1_prescale_set;Update:TypeChange;l1ps_lumi;FLOAT(11,5);FALSE;0;-
24;1177593315.sql;1177920727.sql;l1_trigger_threshold_value;Update:TypeChange;l1ttv_priority;FLOAT(11,5);FALSE;0;-
25;1177920727.sql;1177937714.sql;l1_prescale_set;Update:TypeChange;l1ps_lumi;DECIMAL(11,5);FALSE;0;-
25;1177920727.sql;1177937714.sql;l1_trigger_threshold_value;Update:TypeChange;l1ttv_priority;DECIMAL(11,5);FALSE;0;-
26;1177937714.sql;1178484983.sql;l1_calo_info;Update:TypeChange;l1ci_global_scale;FLOAT;FALSE;0;-
26;1177937714.sql;1178484983.sql;l1_master_table;Deletion:UpdateTable;l1mt_trigger_type_id;NUMBER(10);FALSE;0;l1tty_id@l1_trigger_type
26;1177937714.sql;1178484983.sql;l1_prescale_set;Update:TypeChange;l1ps_lumi;FLOAT;FALSE;0;-
26;1177937714.sql;1178484983.sql;l1_trigger_item;Insertion:UpdateTable;l1ti_trigger_type;NUMBER(4);FALSE;0;-
26;1177937714.sql;1178484983.sql;l1_trigger_threshold_value;Update:TypeChange;l1ttv_priority;FLOAT;FALSE;0;-
26;1177937714.sql;1178484983.sql;l1_trigger_threshold_value;Update:TypeChange;l1ttv_pt_cut;FLOAT;FALSE;0;-
27;1178484983.sql;1178547935.sql;l1_calo_info;Update:TypeChange;l1ci_global_scale;FLOAT(24);FALSE;0;-
27;1178484983.sql;1178547935.sql;l1_trigger_threshold_value;Update:TypeChange;l1ttv_em_isolation;FLOAT(24);FALSE;0;-
27;1178484983.sql;1178547935.sql;l1_trigger_threshold_value;Update:TypeChange;l1ttv_had_isolation;FLOAT(24);FALSE;0;-
27;1178484983.sql;1178547935.sql;l1_trigger_threshold_value;Update:TypeChange;l1ttv_had_veto;FLOAT(24);FALSE;0;-
27;1178484983.sql;1178547935.sql;l1_trigger_threshold_value;Update:TypeChange;l1ttv_priority;FLOAT(24);FALSE;0;-
27;1178484983.sql;1178547935.sql;l1_trigger_threshold_value;Update:TypeChange;l1ttv_pt_cut;FLOAT(24);FALSE;0;-
28;1178547935.sql;1179495089.sql;trigger_alias;Insertion:NewTable;tal_hlt_prescale_set_id;NUMBER(10);FALSE;0;-
28;1178547935.sql;1179495089.sql;trigger_alias;Insertion:NewTable;tal_id;NUMBER(10);TRUE;0;-
28;1178547935.sql;1179495089.sql;trigger_alias;Insertion:NewTable;tal_l1_prescale_set_id;NUMBER(10);FALSE;0;-
28;1178547935.sql;1179495089.sql;trigger_alias;Insertion:NewTable;tal_modified_time;TIMESTAMP;FALSE;0;-
28;1178547935.sql;1179495089.sql;trigger_alias;Insertion:NewTable;tal_super_master_table_id;NUMBER(10);FALSE;0;-
28;1178547935.sql;1179495089.sql;trigger_alias;Insertion:NewTable;tal_trigger_alias;VARCHAR2(30);FALSE;0;-
28;1178547935.sql;1179495089.sql;trigger_alias;Insertion:NewTable;tal_used;CHAR;FALSE;0;-
28;1178547935.sql;1179495089.sql;trigger_alias;Insertion:NewTable;tal_username;VARCHAR2(30);FALSE;0;-
29;1179495089.sql;1179928414.sql;trigger_alias;Deletion:UpdateTable;tal_hlt_prescale_set_id;NUMBER(10);FALSE;0;-
29;1179495089.sql;1179928414.sql;trigger_alias;Deletion:UpdateTable;tal_l1_prescale_set_id;NUMBER(10);FALSE;0;-
30;1179928414.sql;1180517190.sql;l1_prescale_set_alias;Insertion:NewTable;l1pa_alias;VARCHAR2(30);FALSE;0;-
30;1179928414.sql;1180517190.sql;l1_prescale_set_alias;Insertion:NewTable;l1pa_default;CHAR;FALSE;0;-
30;1179928414.sql;1180517190.sql;l1_prescale_set_alias;Insertion:NewTable;l1pa_id;NUMBER(10);TRUE;0;-
30;1179928414.sql;1180517190.sql;l1_prescale_set_alias;Insertion:NewTable;l1pa_modified_time;TIMESTAMP;FALSE;0;-
30;1179928414.sql;1180517190.sql;l1_prescale_set_alias;Insertion:NewTable;l1pa_prescale_set_id;NUMBER(10);FALSE;0;-
30;1179928414.sql;1180517190.sql;l1_prescale_set_alias;Insertion:NewTable;l1pa_used;CHAR;FALSE;0;-
30;1179928414.sql;1180517190.sql;l1_prescale_set_alias;Insertion:NewTable;l1pa_username;VARCHAR2(30);FALSE;0;-
30;1179928414.sql;1180517190.sql;trigger_alias;Insertion:UpdateTable;tal_default;CHAR;FALSE;0;-
31;1180517190.sql;1180952592.sql;l1_trigger_item;Insertion:UpdateTable;l1ti_comment;VARCHAR2(50);FALSE;0;-
32;1180952592.sql;1183451864.sql;hlt_component;Insertion:UpdateTable;hcp_status;NUMBER(2);FALSE;0;-
32;1180952592.sql;1183451864.sql;hlt_cp_to_pa;Insertion:UpdateTable;hcp2pa_status;NUMBER(2);FALSE;0;-
32;1180952592.sql;1183451864.sql;hlt_force_dll;Insertion:UpdateTable;hfd_status;NUMBER(2);FALSE;0;-
32;1180952592.sql;1183451864.sql;hlt_master_table;Insertion:UpdateTable;hmt_status;NUMBER(2);FALSE;0;-
32;1180952592.sql;1183451864.sql;hlt_parameter;Insertion:UpdateTable;hpa_status;NUMBER(2);FALSE;0;-
32;1180952592.sql;1183451864.sql;hlt_prescale;Insertion:UpdateTable;hpr_status;NUMBER(2);FALSE;0;-
32;1180952592.sql;1183451864.sql;hlt_prescale_set;Insertion:UpdateTable;hps_status;NUMBER(2);FALSE;0;-
32;1180952592.sql;1183451864.sql;hlt_release;Insertion:UpdateTable;hre_status;NUMBER(2);FALSE;0;-
32;1180952592.sql;1183451864.sql;hlt_setup;Insertion:UpdateTable;hst_status;NUMBER(2);FALSE;0;-
32;1180952592.sql;1183451864.sql;hlt_st_to_cp;Insertion:UpdateTable;hst2cp_status;NUMBER(2);FALSE;0;-
32;1180952592.sql;1183451864.sql;hlt_tc_to_tr;Insertion:UpdateTable;htc2tr_status;NUMBER(2);FALSE;0;-
32;1180952592.sql;1183451864.sql;hlt_tc_to_ts;Insertion:UpdateTable;htc2ts_status;NUMBER(2);FALSE;0;-
32;1180952592.sql;1183451864.sql;hlt_te_to_cp;Insertion:UpdateTable;hte2cp_status;NUMBER(2);FALSE;0;-
32;1180952592.sql;1183451864.sql;hlt_te_to_te;Insertion:UpdateTable;hte2te_status;NUMBER(2);FALSE;0;-
32;1180952592.sql;1183451864.sql;hlt_tm_to_tc;Insertion:UpdateTable;htm2tc_status;NUMBER(2);FALSE;0;-
32;1180952592.sql;1183451864.sql;hlt_trigger_chain;Insertion:UpdateTable;htc_status;NUMBER(2);FALSE;0;-
32;1180952592.sql;1183451864.sql;hlt_trigger_element;Insertion:UpdateTable;hte_status;NUMBER(2);FALSE;0;-
32;1180952592.sql;1183451864.sql;hlt_trigger_menu;Insertion:UpdateTable;htm_status;NUMBER(2);FALSE;0;-
32;1180952592.sql;1183451864.sql;hlt_trigger_signature;Insertion:UpdateTable;hts_status;NUMBER(2);FALSE;0;-
32;1180952592.sql;1183451864.sql;hlt_trigger_stream;Insertion:UpdateTable;htr_status;NUMBER(2);FALSE;0;-
32;1180952592.sql;1183451864.sql;hlt_trigger_type;Insertion:UpdateTable;htt_status;NUMBER(2);FALSE;0;-
32;1180952592.sql;1183451864.sql;hlt_ts_to_te;Insertion:UpdateTable;hts2te_status;NUMBER(2);FALSE;0;-
32;1180952592.sql;1183451864.sql;l1_bg_to_b;Insertion:UpdateTable;l1bg2b_status;NUMBER(2);FALSE;0;-
32;1180952592.sql;1183451864.sql;l1_bgs_to_bg;Insertion:UpdateTable;l1bg2bgs_status;NUMBER(2);FALSE;0;-
32;1180952592.sql;1183451864.sql;l1_bunch_group;Insertion:UpdateTable;l1bg_status;NUMBER(2);FALSE;0;-
32;1180952592.sql;1183451864.sql;l1_bunch_group_set;Insertion:UpdateTable;l1bgs_status;NUMBER(2);FALSE;0;-
32;1180952592.sql;1183451864.sql;l1_calo_info;Insertion:UpdateTable;l1ci_status;NUMBER(2);FALSE;0;-
32;1180952592.sql;1183451864.sql;l1_calo_sin_cos;Insertion:UpdateTable;l1csc_status;NUMBER(2);FALSE;0;-
32;1180952592.sql;1183451864.sql;l1_ci_to_csc;Insertion:UpdateTable;l1ci2csc_status;NUMBER(2);FALSE;0;-
32;1180952592.sql;1183451864.sql;l1_ctp_files;Insertion:UpdateTable;l1cf_status;NUMBER(2);FALSE;0;-
32;1180952592.sql;1183451864.sql;l1_ctp_smx;Insertion:UpdateTable;l1smx_status;NUMBER(2);FALSE;0;-
32;1180952592.sql;1183451864.sql;l1_dead_time;Insertion:UpdateTable;l1dt_status;NUMBER(2);FALSE;0;-
32;1180952592.sql;1183451864.sql;l1_jet_input;Insertion:UpdateTable;l1ji_status;NUMBER(2);FALSE;0;-
32;1180952592.sql;1183451864.sql;l1_master_table;Insertion:UpdateTable;l1mt_status;NUMBER(2);FALSE;0;-
32;1180952592.sql;1183451864.sql;l1_muctpi_info;Insertion:UpdateTable;l1mi_status;NUMBER(2);FALSE;0;-
32;1180952592.sql;1183451864.sql;l1_muon_threshold_sets;Insertion:UpdateTable;l1mts_status;NUMBER(2);FALSE;0;-
32;1180952592.sql;1183451864.sql;l1_prescale_set;Insertion:UpdateTable;l1ps_status;NUMBER(2);FALSE;0;-
32;1180952592.sql;1183451864.sql;l1_prescale_set_alias;Insertion:UpdateTable;l1pa_status;NUMBER(2);FALSE;0;-
32;1180952592.sql;1183451864.sql;l1_prescaled_clock;Insertion:UpdateTable;l1pc_status;NUMBER(2);FALSE;0;-
32;1180952592.sql;1183451864.sql;l1_random;Insertion:UpdateTable;l1r_status;NUMBER(2);FALSE;0;-
32;1180952592.sql;1183451864.sql;l1_ti_to_tt;Insertion:UpdateTable;l1ti2tt_status;NUMBER(2);FALSE;0;-
32;1180952592.sql;1183451864.sql;l1_tm_to_ti;Insertion:UpdateTable;l1tm2ti_status;NUMBER(2);FALSE;0;-
32;1180952592.sql;1183451864.sql;l1_tm_to_tt;Insertion:UpdateTable;l1tm2tt_status;NUMBER(2);FALSE;0;-
32;1180952592.sql;1183451864.sql;l1_tm_to_tt_forced;Insertion:UpdateTable;l1tm2ttf_status;NUMBER(2);FALSE;0;-
32;1180952592.sql;1183451864.sql;l1_trigger_item;Insertion:UpdateTable;l1ti_status;NUMBER(2);FALSE;0;-
32;1180952592.sql;1183451864.sql;l1_trigger_menu;Insertion:UpdateTable;l1tm_status;NUMBER(2);FALSE;0;-
32;1180952592.sql;1183451864.sql;l1_trigger_threshold;Insertion:UpdateTable;l1tt_status;NUMBER(2);FALSE;0;-
32;1180952592.sql;1183451864.sql;l1_trigger_threshold_value;Insertion:UpdateTable;l1ttv_status;NUMBER(2);FALSE;0;-
32;1180952592.sql;1183451864.sql;l1_trigger_type;Insertion:UpdateTable;l1tty_status;NUMBER(2);FALSE;0;-
32;1180952592.sql;1183451864.sql;l1_tt_to_ttv;Insertion:UpdateTable;l1tt2ttv_status;NUMBER(2);FALSE;0;-
32;1180952592.sql;1183451864.sql;super_master_table;Insertion:UpdateTable;smt_status;NUMBER(2);FALSE;0;-
32;1180952592.sql;1183451864.sql;trigger_alias;Insertion:UpdateTable;tal_status;NUMBER(2);FALSE;0;-
32;1180952592.sql;1183451864.sql;trigger_next_run;Insertion:UpdateTable;tnr_status;NUMBER(2);FALSE;0;-
33;1183451864.sql;1183463319.sql;hlt_component;Deletion:UpdateTable;hcp_status;NUMBER(2);FALSE;0;-
33;1183451864.sql;1183463319.sql;hlt_cp_to_pa;Deletion:UpdateTable;hcp2pa_status;NUMBER(2);FALSE;0;-
33;1183451864.sql;1183463319.sql;hlt_force_dll;Deletion:UpdateTable;hfd_status;NUMBER(2);FALSE;0;-
33;1183451864.sql;1183463319.sql;hlt_parameter;Deletion:UpdateTable;hpa_status;NUMBER(2);FALSE;0;-
33;1183451864.sql;1183463319.sql;hlt_prescale;Deletion:UpdateTable;hpr_status;NUMBER(2);FALSE;0;-
33;1183451864.sql;1183463319.sql;hlt_prescale_set;Deletion:UpdateTable;hps_status;NUMBER(2);FALSE;0;-
33;1183451864.sql;1183463319.sql;hlt_prescale_set_alias;Insertion:NewTable;hpsa_alias;VARCHAR2(30);FALSE;0;-
33;1183451864.sql;1183463319.sql;hlt_prescale_set_alias;Insertion:NewTable;hpsa_default;CHAR;FALSE;0;-
33;1183451864.sql;1183463319.sql;hlt_prescale_set_alias;Insertion:NewTable;hpsa_id;NUMBER(10);TRUE;0;-
33;1183451864.sql;1183463319.sql;hlt_prescale_set_alias;Insertion:NewTable;hpsa_modified_time;TIMESTAMP;FALSE;0;-
33;1183451864.sql;1183463319.sql;hlt_prescale_set_alias;Insertion:NewTable;hpsa_prescale_set_id;NUMBER(10);FALSE;0;-
33;1183451864.sql;1183463319.sql;hlt_prescale_set_alias;Insertion:NewTable;hpsa_used;CHAR;FALSE;0;-
33;1183451864.sql;1183463319.sql;hlt_prescale_set_alias;Insertion:NewTable;hpsa_username;VARCHAR2(30);FALSE;0;-
33;1183451864.sql;1183463319.sql;hlt_release;Deletion:UpdateTable;hre_status;NUMBER(2);FALSE;0;-
33;1183451864.sql;1183463319.sql;hlt_setup;Deletion:UpdateTable;hst_status;NUMBER(2);FALSE;0;-
33;1183451864.sql;1183463319.sql;hlt_st_to_cp;Deletion:UpdateTable;hst2cp_status;NUMBER(2);FALSE;0;-
33;1183451864.sql;1183463319.sql;hlt_tc_to_tr;Deletion:UpdateTable;htc2tr_status;NUMBER(2);FALSE;0;-
33;1183451864.sql;1183463319.sql;hlt_tc_to_ts;Deletion:UpdateTable;htc2ts_status;NUMBER(2);FALSE;0;-
33;1183451864.sql;1183463319.sql;hlt_te_to_cp;Deletion:UpdateTable;hte2cp_status;NUMBER(2);FALSE;0;-
33;1183451864.sql;1183463319.sql;hlt_te_to_te;Deletion:UpdateTable;hte2te_status;NUMBER(2);FALSE;0;-
33;1183451864.sql;1183463319.sql;hlt_tm_to_tc;Deletion:UpdateTable;htm2tc_status;NUMBER(2);FALSE;0;-
33;1183451864.sql;1183463319.sql;hlt_trigger_chain;Deletion:UpdateTable;htc_status;NUMBER(2);FALSE;0;-
33;1183451864.sql;1183463319.sql;hlt_trigger_element;Deletion:UpdateTable;hte_status;NUMBER(2);FALSE;0;-
33;1183451864.sql;1183463319.sql;hlt_trigger_menu;Insertion:UpdateTable;htm_consistent;CHAR;FALSE;0;-
33;1183451864.sql;1183463319.sql;hlt_trigger_menu;Deletion:UpdateTable;htm_shift_safe;CHAR;FALSE;0;-
33;1183451864.sql;1183463319.sql;hlt_trigger_menu;Deletion:UpdateTable;htm_status;NUMBER(2);FALSE;0;-
33;1183451864.sql;1183463319.sql;hlt_trigger_signature;Deletion:UpdateTable;hts_status;NUMBER(2);FALSE;0;-
33;1183451864.sql;1183463319.sql;hlt_trigger_stream;Deletion:UpdateTable;htr_status;NUMBER(2);FALSE;0;-
33;1183451864.sql;1183463319.sql;hlt_trigger_type;Deletion:UpdateTable;htt_status;NUMBER(2);FALSE;0;-
33;1183451864.sql;1183463319.sql;hlt_ts_to_te;Deletion:UpdateTable;hts2te_status;NUMBER(2);FALSE;0;-
33;1183451864.sql;1183463319.sql;l1_bg_to_b;Deletion:UpdateTable;l1bg2b_status;NUMBER(2);FALSE;0;-
33;1183451864.sql;1183463319.sql;l1_bgs_to_bg;Deletion:UpdateTable;l1bg2bgs_status;NUMBER(2);FALSE;0;-
33;1183451864.sql;1183463319.sql;l1_bunch_group;Deletion:UpdateTable;l1bg_status;NUMBER(2);FALSE;0;-
33;1183451864.sql;1183463319.sql;l1_bunch_group_set;Deletion:UpdateTable;l1bgs_status;NUMBER(2);FALSE;0;-
33;1183451864.sql;1183463319.sql;l1_calo_info;Deletion:UpdateTable;l1ci_status;NUMBER(2);FALSE;0;-
33;1183451864.sql;1183463319.sql;l1_calo_sin_cos;Deletion:UpdateTable;l1csc_status;NUMBER(2);FALSE;0;-
33;1183451864.sql;1183463319.sql;l1_ci_to_csc;Deletion:UpdateTable;l1ci2csc_status;NUMBER(2);FALSE;0;-
33;1183451864.sql;1183463319.sql;l1_ctp_files;Deletion:UpdateTable;l1cf_status;NUMBER(2);FALSE;0;-
33;1183451864.sql;1183463319.sql;l1_ctp_smx;Deletion:UpdateTable;l1smx_status;NUMBER(2);FALSE;0;-
33;1183451864.sql;1183463319.sql;l1_dead_time;Deletion:UpdateTable;l1dt_status;NUMBER(2);FALSE;0;-
33;1183451864.sql;1183463319.sql;l1_jet_input;Deletion:UpdateTable;l1ji_status;NUMBER(2);FALSE;0;-
33;1183451864.sql;1183463319.sql;l1_muctpi_info;Deletion:UpdateTable;l1mi_status;NUMBER(2);FALSE;0;-
33;1183451864.sql;1183463319.sql;l1_muon_threshold_sets;Deletion:UpdateTable;l1mts_status;NUMBER(2);FALSE;0;-
33;1183451864.sql;1183463319.sql;l1_prescale_set;Deletion:UpdateTable;l1ps_status;NUMBER(2);FALSE;0;-
33;1183451864.sql;1183463319.sql;l1_prescale_set_alias;Deletion:UpdateTable;l1pa_status;NUMBER(2);FALSE;0;-
33;1183451864.sql;1183463319.sql;l1_prescaled_clock;Deletion:UpdateTable;l1pc_status;NUMBER(2);FALSE;0;-
33;1183451864.sql;1183463319.sql;l1_random;Insertion:UpdateTable;l1r_seed1;NUMBER(10);FALSE;0;-
33;1183451864.sql;1183463319.sql;l1_random;Insertion:UpdateTable;l1r_seed2;NUMBER(10);FALSE;0;-
33;1183451864.sql;1183463319.sql;l1_random;Deletion:UpdateTable;l1r_status;NUMBER(2);FALSE;0;-
33;1183451864.sql;1183463319.sql;l1_random_rates;Insertion:NewTable;l1rr_id;NUMBER(10);TRUE;0;-
33;1183451864.sql;1183463319.sql;l1_random_rates;Insertion:NewTable;l1rr_rate;NUMBER(10);FALSE;0;-
33;1183451864.sql;1183463319.sql;l1_ti_to_tt;Deletion:UpdateTable;l1ti2tt_status;NUMBER(2);FALSE;0;-
33;1183451864.sql;1183463319.sql;l1_tm_to_ti;Deletion:UpdateTable;l1tm2ti_status;NUMBER(2);FALSE;0;-
33;1183451864.sql;1183463319.sql;l1_tm_to_tt;Deletion:UpdateTable;l1tm2tt_status;NUMBER(2);FALSE;0;-
33;1183451864.sql;1183463319.sql;l1_tm_to_tt_forced;Deletion:UpdateTable;l1tm2ttf_status;NUMBER(2);FALSE;0;-
33;1183451864.sql;1183463319.sql;l1_trigger_item;Deletion:UpdateTable;l1ti_status;NUMBER(2);FALSE;0;-
33;1183451864.sql;1183463319.sql;l1_trigger_menu;Deletion:UpdateTable;l1tm_shift_safe;CHAR;FALSE;0;-
33;1183451864.sql;1183463319.sql;l1_trigger_menu;Deletion:UpdateTable;l1tm_status;NUMBER(2);FALSE;0;-
33;1183451864.sql;1183463319.sql;l1_trigger_threshold;Deletion:UpdateTable;l1tt_status;NUMBER(2);FALSE;0;-
33;1183451864.sql;1183463319.sql;l1_trigger_threshold_value;Deletion:UpdateTable;l1ttv_status;NUMBER(2);FALSE;0;-
33;1183451864.sql;1183463319.sql;l1_trigger_type;Deletion:UpdateTable;l1tty_status;NUMBER(2);FALSE;0;-
33;1183451864.sql;1183463319.sql;l1_tt_to_ttv;Deletion:UpdateTable;l1tt2ttv_status;NUMBER(2);FALSE;0;-
33;1183451864.sql;1183463319.sql;trigger_alias;Deletion:UpdateTable;tal_status;NUMBER(2);FALSE;0;-
33;1183451864.sql;1183463319.sql;trigger_next_run;Deletion:UpdateTable;tnr_status;NUMBER(2);FALSE;0;-
34;1183463319.sql;1183556774.sql;l1_random;Insertion:UpdateTable;l1r_autoseed1;CHAR;FALSE;0;-
34;1183463319.sql;1183556774.sql;l1_random;Insertion:UpdateTable;l1r_autoseed2;CHAR;FALSE;0;-
34;1183463319.sql;1183556774.sql;l1_random_rates;Insertion:UpdateTable;l1rr_active_from;TIMESTAMP;FALSE;0;-
34;1183463319.sql;1183556774.sql;l1_random_rates;Update:TypeChange;l1rr_id;NUMBER(10);FALSE;0;-
34;1183463319.sql;1183556774.sql;l1_random_rates;Update:TypeChange;l1rr_rate;VARCHAR2(30);FALSE;0;-
35;1183556774.sql;1184345303.sql;hlt_component;Update:TypeChange;hcp_alias;VARCHAR2(200);FALSE;0;-
35;1183556774.sql;1184345303.sql;hlt_component;Update:TypeChange;hcp_name;VARCHAR2(200);FALSE;0;-
35;1183556774.sql;1184345303.sql;hlt_te_to_te;Insertion:UpdateTable;hte2te_te_counter;NUMBER(3);FALSE;0;-
35;1183556774.sql;1184345303.sql;hlt_te_to_te;Insertion:UpdateTable;hte2te_te_id;NUMBER(10);FALSE;0;hte_id@hlt_trigger_element
35;1183556774.sql;1184345303.sql;hlt_te_to_te;Insertion:UpdateTable;hte2te_te_inp_id;VARCHAR2(30);FALSE;0;-
35;1183556774.sql;1184345303.sql;hlt_te_to_te;Insertion:UpdateTable;hte2te_te_inp_type;VARCHAR2(10);FALSE;0;-
35;1183556774.sql;1184345303.sql;hlt_te_to_te;Deletion:UpdateTable;hte2te_trigger_element_counter;NUMBER(3);FALSE;0;-
35;1183556774.sql;1184345303.sql;hlt_te_to_te;Deletion:UpdateTable;hte2te_trigger_element_id;NUMBER(10);FALSE;0;hte_id@hlt_trigger_element
35;1183556774.sql;1184345303.sql;hlt_te_to_te;Deletion:UpdateTable;hte2te_trigger_element_inp_id;VARCHAR2(30);FALSE;0;-
35;1183556774.sql;1184345303.sql;hlt_trigger_element;Update:TypeChange;hte_name;VARCHAR2(100);FALSE;0;-
35;1183556774.sql;1184345303.sql;hlt_trigger_group;Insertion:NewTable;htg_id;NUMBER(10);TRUE;0;-
35;1183556774.sql;1184345303.sql;hlt_trigger_group;Insertion:NewTable;htg_modified_time;TIMESTAMP;FALSE;0;-
35;1183556774.sql;1184345303.sql;hlt_trigger_group;Insertion:NewTable;htg_name;VARCHAR2(30);FALSE;0;-
35;1183556774.sql;1184345303.sql;hlt_trigger_group;Insertion:NewTable;htg_trigger_chain_id;NUMBER(10);FALSE;0;htc_id@hlt_trigger_chain
35;1183556774.sql;1184345303.sql;hlt_trigger_group;Insertion:NewTable;htg_used;CHAR;FALSE;0;-
35;1183556774.sql;1184345303.sql;hlt_trigger_group;Insertion:NewTable;htg_username;VARCHAR2(30);FALSE;0;-
35;1183556774.sql;1184345303.sql;hlt_trigger_stream;Insertion:UpdateTable;htr_description;VARCHAR2(200);FALSE;0;-
35;1183556774.sql;1184345303.sql;hlt_trigger_stream;Insertion:UpdateTable;htr_type;VARCHAR2(25);FALSE;0;-
35;1183556774.sql;1184345303.sql;hlt_trigger_stream;Update:TypeChange;htr_obeyLB;NUMBER(1);FALSE;0;-
35;1183556774.sql;1184345303.sql;hlt_trigger_stream;Deletion:UpdateTable;htr_stream_description;VARCHAR2(200);FALSE;0;-
35;1183556774.sql;1184345303.sql;hlt_trigger_stream;Deletion:UpdateTable;htr_stream_type;VARCHAR2(25);FALSE;0;-
36;1184345303.sql;1185469389.sql;-;-;-;-;-;-;-
37;1185469389.sql;1187709923.sql;-;-;-;-;-;-;-
38;1187709923.sql;1189409858.sql;hlt_force_dll;Deletion:DeleteTable;hfd_dll_name;VARCHAR2(50);FALSE;0;-
38;1187709923.sql;1189409858.sql;hlt_force_dll;Deletion:DeleteTable;hfd_id;NUMBER(10);TRUE;0;-
38;1187709923.sql;1189409858.sql;hlt_force_dll;Deletion:DeleteTable;hfd_modified_time;TIMESTAMP;FALSE;0;-
38;1187709923.sql;1189409858.sql;hlt_force_dll;Deletion:DeleteTable;hfd_setup_id;NUMBER(10);FALSE;0;hst_id@hlt_setup
38;1187709923.sql;1189409858.sql;hlt_force_dll;Deletion:DeleteTable;hfd_used;CHAR;FALSE;0;-
38;1187709923.sql;1189409858.sql;hlt_force_dll;Deletion:DeleteTable;hfd_username;VARCHAR2(30);FALSE;0;-
38;1187709923.sql;1189409858.sql;l1_ctp_files;Insertion:UpdateTable;l1cf_mon_dec_ctpmon;CLOB;FALSE;0;-
38;1187709923.sql;1189409858.sql;l1_ctp_files;Insertion:UpdateTable;l1cf_mon_dec_slot7;CLOB;FALSE;0;-
38;1187709923.sql;1189409858.sql;l1_ctp_files;Insertion:UpdateTable;l1cf_mon_dec_slot8;CLOB;FALSE;0;-
38;1187709923.sql;1189409858.sql;l1_ctp_files;Insertion:UpdateTable;l1cf_mon_dec_slot9;CLOB;FALSE;0;-
38;1187709923.sql;1189409858.sql;l1_ctp_files;Insertion:UpdateTable;l1cf_mon_sel_ctpmon;CLOB;FALSE;0;-
38;1187709923.sql;1189409858.sql;l1_ctp_files;Insertion:UpdateTable;l1cf_mon_sel_slot7;CLOB;FALSE;0;-
38;1187709923.sql;1189409858.sql;l1_ctp_files;Insertion:UpdateTable;l1cf_mon_sel_slot8;CLOB;FALSE;0;-
38;1187709923.sql;1189409858.sql;l1_ctp_files;Insertion:UpdateTable;l1cf_mon_sel_slot9;CLOB;FALSE;0;-
38;1187709923.sql;1189409858.sql;l1_tm_to_tt;Insertion:UpdateTable;l1tm2tt_identifier;VARCHAR2(6);FALSE;0;-
38;1187709923.sql;1189409858.sql;l1_tm_to_tt;Insertion:UpdateTable;l1tm2tt_multi;NUMBER(10);FALSE;0;-
38;1187709923.sql;1189409858.sql;l1_tm_to_tt;Insertion:UpdateTable;l1tm2tt_type;VARCHAR2(6);FALSE;0;-
39;1189409858.sql;1190396322.sql;hlt_parameter;Update:TypeChange;hpa_value;CLOB;FALSE;0;-
39;1189409858.sql;1190396322.sql;l1_tm_to_tt;Update:TypeChange;l1tm2tt_identifier;VARCHAR2(25);FALSE;0;-
39;1189409858.sql;1190396322.sql;l1_tm_to_tt;Insertion:UpdateTable;l1tm2tt_mon_name;VARCHAR2(25);FALSE;0;-
40;1190396322.sql;1191761809.sql;hlt_parameter;Update:TypeChange;hpa_value;VARCHAR2(4000);FALSE;0;-
40;1190396322.sql;1191761809.sql;l1_pits;Insertion:NewTable;l1pit_id;NUMBER(10);TRUE;0;-
40;1190396322.sql;1191761809.sql;l1_pits;Insertion:NewTable;l1pit_modified_time;TIMESTAMP;FALSE;0;-
40;1190396322.sql;1191761809.sql;l1_pits;Insertion:NewTable;l1pit_pit_number;NUMBER(10);FALSE;0;-
40;1190396322.sql;1191761809.sql;l1_pits;Insertion:NewTable;l1pit_threshold_bit;NUMBER(2);FALSE;0;-
40;1190396322.sql;1191761809.sql;l1_pits;Insertion:NewTable;l1pit_tm_to_tt_id;NUMBER(10);FALSE;0;l1tm2tt_id@l1_tm_to_tt
40;1190396322.sql;1191761809.sql;l1_pits;Insertion:NewTable;l1pit_used;CHAR;FALSE;0;-
40;1190396322.sql;1191761809.sql;l1_pits;Insertion:NewTable;l1pit_username;VARCHAR2(30);FALSE;0;-
40;1190396322.sql;1191761809.sql;l1_tm_to_tt;Deletion:UpdateTable;l1tm2tt_identifier;VARCHAR2(25);FALSE;0;-
40;1190396322.sql;1191761809.sql;l1_tm_to_tt;Deletion:UpdateTable;l1tm2tt_mon_name;VARCHAR2(25);FALSE;0;-
40;1190396322.sql;1191761809.sql;l1_tm_to_tt;Deletion:UpdateTable;l1tm2tt_multi;NUMBER(10);FALSE;0;-
40;1190396322.sql;1191761809.sql;l1_tm_to_tt;Deletion:UpdateTable;l1tm2tt_type;VARCHAR2(6);FALSE;0;-
40;1190396322.sql;1191761809.sql;l1_tm_to_tt_mon;Insertion:NewTable;l1tm2ttm_bunch_group_set_id;NUMBER(10);FALSE;0;l1bgs_id@l1_bunch_group_set
40;1190396322.sql;1191761809.sql;l1_tm_to_tt_mon;Insertion:NewTable;l1tm2ttm_counter_type;VARCHAR2(10);FALSE;0;-
40;1190396322.sql;1191761809.sql;l1_tm_to_tt_mon;Insertion:NewTable;l1tm2ttm_id;NUMBER(10);TRUE;0;-
40;1190396322.sql;1191761809.sql;l1_tm_to_tt_mon;Insertion:NewTable;l1tm2ttm_internal_counter;NUMBER(3);FALSE;0;-
40;1190396322.sql;1191761809.sql;l1_tm_to_tt_mon;Insertion:NewTable;l1tm2ttm_modified_time;TIMESTAMP;FALSE;0;-
40;1190396322.sql;1191761809.sql;l1_tm_to_tt_mon;Insertion:NewTable;l1tm2ttm_multiplicity;NUMBER(3);FALSE;0;-
40;1190396322.sql;1191761809.sql;l1_tm_to_tt_mon;Insertion:NewTable;l1tm2ttm_name;VARCHAR2(30);FALSE;0;-
40;1190396322.sql;1191761809.sql;l1_tm_to_tt_mon;Insertion:NewTable;l1tm2ttm_trigger_menu_id;NUMBER(10);FALSE;0;l1tm_id@l1_trigger_menu
40;1190396322.sql;1191761809.sql;l1_tm_to_tt_mon;Insertion:NewTable;l1tm2ttm_trigger_threshold_id;NUMBER(10);FALSE;0;l1tt_id@l1_trigger_threshold
40;1190396322.sql;1191761809.sql;l1_tm_to_tt_mon;Insertion:NewTable;l1tm2ttm_used;CHAR;FALSE;0;-
40;1190396322.sql;1191761809.sql;l1_tm_to_tt_mon;Insertion:NewTable;l1tm2ttm_username;VARCHAR2(30);FALSE;0;-
41;1191761809.sql;1191835135.sql;hlt_trigger_chain;Update:TypeChange;htc_lower_chain_name;VARCHAR2(50);FALSE;0;-
41;1191761809.sql;1191835135.sql;hlt_trigger_chain;Update:TypeChange;htc_name;VARCHAR2(50);FALSE;0;-
42;1191835135.sql;1192544515.sql;trigger_schema;Insertion:NewTable;ts_id;NUMBER(10);TRUE;0;-
42;1191835135.sql;1192544515.sql;trigger_schema;Insertion:NewTable;ts_trigdb_tag;VARCHAR2(25);FALSE;0;-
42;1191835135.sql;1192544515.sql;trigger_schema;Insertion:NewTable;ts_trigtool_tag;VARCHAR2(25);FALSE;0;-
43;1192544515.sql;1192548817.sql;-;-;-;-;-;-;-
44;1192548817.sql;1192991429.sql;hlt_trigger_menu;Update:TypeChange;htm_name;VARCHAR2(50);FALSE;0;-
45;1192991429.sql;1193067774.sql;super_master_table;Update:TypeChange;smt_name;VARCHAR2(50);FALSE;0;-
46;1193067774.sql;1193161488.sql;hlt_prescale_set;Update:TypeChange;hps_name;VARCHAR2(50);FALSE;0;-
47;1193161488.sql;1196331142.sql;hlt_te_to_te;Update:TypeChange;hte2te_te_inp_id;VARCHAR2(100);FALSE;0;-
48;1196331142.sql;1200599808.sql;l1_trigger_item;Update:TypeChange;l1ti_name;VARCHAR2(50);FALSE;0;-
49;1200599808.sql;1205165684.sql;hlt_component;Update:TypeChange;hcp_username;VARCHAR2(50);FALSE;0;-
49;1200599808.sql;1205165684.sql;hlt_cp_to_pa;Update:TypeChange;hcp2pa_username;VARCHAR2(50);FALSE;0;-
49;1200599808.sql;1205165684.sql;hlt_master_table;Insertion:UpdateTable;hmt_ef_setup_id;NUMBER(10);FALSE;0;hst_id@hlt_setup
49;1200599808.sql;1205165684.sql;hlt_master_table;Insertion:UpdateTable;hmt_l2_setup_id;NUMBER(10);FALSE;0;hst_id@hlt_setup
49;1200599808.sql;1205165684.sql;hlt_master_table;Deletion:UpdateTable;hmt_forced_setup_id;NUMBER(10);FALSE;0;-
49;1200599808.sql;1205165684.sql;hlt_master_table;Deletion:UpdateTable;hmt_prescale_set_id;NUMBER(10);FALSE;0;hps_id@hlt_prescale_set
49;1200599808.sql;1205165684.sql;hlt_master_table;Update:TypeChange;hmt_username;VARCHAR2(50);FALSE;0;-
49;1200599808.sql;1205165684.sql;hlt_parameter;Update:TypeChange;hpa_username;VARCHAR2(50);FALSE;0;-
49;1200599808.sql;1205165684.sql;hlt_prescale;Insertion:UpdateTable;hpr_pass_through_rate;FLOAT(24);FALSE;0;-
49;1200599808.sql;1205165684.sql;hlt_prescale;Update:TypeChange;hpr_prescale;FLOAT(24);FALSE;0;-
49;1200599808.sql;1205165684.sql;hlt_prescale;Update:TypeChange;hpr_username;VARCHAR2(50);FALSE;0;-
49;1200599808.sql;1205165684.sql;hlt_prescale_set;Update:TypeChange;hps_username;VARCHAR2(50);FALSE;0;-
49;1200599808.sql;1205165684.sql;hlt_prescale_set_alias;Update:TypeChange;hpsa_alias;VARCHAR2(50);FALSE;0;-
49;1200599808.sql;1205165684.sql;hlt_prescale_set_alias;Update:TypeChange;hpsa_username;VARCHAR2(50);FALSE;0;-
49;1200599808.sql;1205165684.sql;hlt_release;Update:TypeChange;hre_username;VARCHAR2(50);FALSE;0;-
49;1200599808.sql;1205165684.sql;hlt_setup;Insertion:UpdateTable;hst_l2_or_ef;VARCHAR(2);FALSE;0;-
49;1200599808.sql;1205165684.sql;hlt_setup;Update:TypeChange;hst_username;VARCHAR2(50);FALSE;0;-
49;1200599808.sql;1205165684.sql;hlt_st_to_cp;Update:TypeChange;hst2cp_username;VARCHAR2(50);FALSE;0;-
49;1200599808.sql;1205165684.sql;hlt_tc_to_tr;Update:TypeChange;htc2tr_username;VARCHAR2(50);FALSE;0;-
49;1200599808.sql;1205165684.sql;hlt_tc_to_ts;Update:TypeChange;htc2ts_username;VARCHAR2(50);FALSE;0;-
49;1200599808.sql;1205165684.sql;hlt_te_to_cp;Update:TypeChange;hte2cp_username;VARCHAR2(50);FALSE;0;-
49;1200599808.sql;1205165684.sql;hlt_te_to_te;Update:TypeChange;hte2te_username;VARCHAR2(50);FALSE;0;-
49;1200599808.sql;1205165684.sql;hlt_tm_to_tc;Update:TypeChange;htm2tc_username;VARCHAR2(50);FALSE;0;-
49;1200599808.sql;1205165684.sql;hlt_trigger_chain;Deletion:UpdateTable;htc_pass_through_rate;NUMBER(10);FALSE;0;-
49;1200599808.sql;1205165684.sql;hlt_trigger_chain;Deletion:UpdateTable;htc_setup_id;NUMBER(10);FALSE;0;hst_id@hlt_setup
49;1200599808.sql;1205165684.sql;hlt_trigger_chain;Update:TypeChange;htc_username;VARCHAR2(50);FALSE;0;-
49;1200599808.sql;1205165684.sql;hlt_trigger_element;Update:TypeChange;hte_username;VARCHAR2(50);FALSE;0;-
49;1200599808.sql;1205165684.sql;hlt_trigger_group;Update:TypeChange;htg_name;VARCHAR2(50);FALSE;0;-
49;1200599808.sql;1205165684.sql;hlt_trigger_group;Update:TypeChange;htg_username;VARCHAR2(50);FALSE;0;-
49;1200599808.sql;1205165684.sql;hlt_trigger_menu;Update:TypeChange;htm_phase;VARCHAR2(50);FALSE;0;-
49;1200599808.sql;1205165684.sql;hlt_trigger_menu;Update:TypeChange;htm_username;VARCHAR2(50);FALSE;0;-
49;1200599808.sql;1205165684.sql;hlt_trigger_signature;Update:TypeChange;hts_username;VARCHAR2(50);FALSE;0;-
49;1200599808.sql;1205165684.sql;hlt_trigger_stream;Update:TypeChange;htr_name;VARCHAR2(50);FALSE;0;-
49;1200599808.sql;1205165684.sql;hlt_trigger_stream;Update:TypeChange;htr_type;VARCHAR2(50);FALSE;0;-
49;1200599808.sql;1205165684.sql;hlt_trigger_stream;Update:TypeChange;htr_username;VARCHAR2(50);FALSE;0;-
49;1200599808.sql;1205165684.sql;hlt_trigger_type;Update:TypeChange;htt_username;VARCHAR2(50);FALSE;0;-
49;1200599808.sql;1205165684.sql;hlt_ts_to_te;Update:TypeChange;hts2te_username;VARCHAR2(50);FALSE;0;-
49;1200599808.sql;1205165684.sql;l1_bg_to_b;Update:TypeChange;l1bg2b_username;VARCHAR2(50);FALSE;0;-
49;1200599808.sql;1205165684.sql;l1_bgs_to_bg;Update:TypeChange;l1bgs2bg_username;VARCHAR2(50);FALSE;0;-
49;1200599808.sql;1205165684.sql;l1_bunch_group;Update:TypeChange;l1bg_name;VARCHAR2(50);FALSE;0;-
49;1200599808.sql;1205165684.sql;l1_bunch_group;Update:TypeChange;l1bg_username;VARCHAR2(50);FALSE;0;-
49;1200599808.sql;1205165684.sql;l1_bunch_group_set;Update:TypeChange;l1bgs_name;VARCHAR2(50);FALSE;0;-
49;1200599808.sql;1205165684.sql;l1_bunch_group_set;Update:TypeChange;l1bgs_username;VARCHAR2(50);FALSE;0;-
49;1200599808.sql;1205165684.sql;l1_calo_info;Update:TypeChange;l1ci_name;VARCHAR2(50);FALSE;0;-
49;1200599808.sql;1205165684.sql;l1_calo_info;Update:TypeChange;l1ci_username;VARCHAR2(50);FALSE;0;-
49;1200599808.sql;1205165684.sql;l1_calo_sin_cos;Update:TypeChange;l1csc_name;VARCHAR2(50);FALSE;0;-
49;1200599808.sql;1205165684.sql;l1_calo_sin_cos;Update:TypeChange;l1csc_username;VARCHAR2(50);FALSE;0;-
49;1200599808.sql;1205165684.sql;l1_ci_to_csc;Update:TypeChange;l1ci2csc_username;VARCHAR2(50);FALSE;0;-
49;1200599808.sql;1205165684.sql;l1_ctp_files;Update:TypeChange;l1cf_name;VARCHAR2(50);FALSE;0;-
49;1200599808.sql;1205165684.sql;l1_ctp_files;Update:TypeChange;l1cf_username;VARCHAR2(50);FALSE;0;-
49;1200599808.sql;1205165684.sql;l1_ctp_smx;Update:TypeChange;l1smx_name;VARCHAR2(50);FALSE;0;-
49;1200599808.sql;1205165684.sql;l1_ctp_smx;Update:TypeChange;l1smx_username;VARCHAR2(50);FALSE;0;-
49;1200599808.sql;1205165684.sql;l1_dead_time;Update:TypeChange;l1dt_name;VARCHAR2(50);FALSE;0;-
49;1200599808.sql;1205165684.sql;l1_dead_time;Update:TypeChange;l1dt_username;VARCHAR2(50);FALSE;0;-
49;1200599808.sql;1205165684.sql;l1_jet_input;Update:TypeChange;l1ji_name;VARCHAR2(50);FALSE;0;-
49;1200599808.sql;1205165684.sql;l1_jet_input;Update:TypeChange;l1ji_username;VARCHAR2(50);FALSE;0;-
49;1200599808.sql;1205165684.sql;l1_master_table;Update:TypeChange;l1mt_name;VARCHAR2(50);FALSE;0;-
49;1200599808.sql;1205165684.sql;l1_master_table;Update:TypeChange;l1mt_username;VARCHAR2(50);FALSE;0;-
49;1200599808.sql;1205165684.sql;l1_master_table;Deletion:UpdateTable;l1mt_prescale_set_id;NUMBER(10);FALSE;0;l1ps_id@l1_prescale_set
49;1200599808.sql;1205165684.sql;l1_muctpi_info;Update:TypeChange;l1mi_name;VARCHAR2(50);FALSE;0;-
49;1200599808.sql;1205165684.sql;l1_muctpi_info;Update:TypeChange;l1mi_username;VARCHAR2(50);FALSE;0;-
49;1200599808.sql;1205165684.sql;l1_muon_threshold_sets;Update:TypeChange;l1mts_name;VARCHAR2(50);FALSE;0;-
49;1200599808.sql;1205165684.sql;l1_muon_threshold_sets;Update:TypeChange;l1mts_username;VARCHAR2(50);FALSE;0;-
49;1200599808.sql;1205165684.sql;l1_pits;Update:TypeChange;l1pit_username;VARCHAR2(50);FALSE;0;-
49;1200599808.sql;1205165684.sql;l1_prescale_set;Update:TypeChange;l1ps_name;VARCHAR2(50);FALSE;0;-
49;1200599808.sql;1205165684.sql;l1_prescale_set;Update:TypeChange;l1ps_username;VARCHAR2(50);FALSE;0;-
49;1200599808.sql;1205165684.sql;l1_prescale_set_alias;Update:TypeChange;l1pa_alias;VARCHAR2(50);FALSE;0;-
49;1200599808.sql;1205165684.sql;l1_prescale_set_alias;Update:TypeChange;l1pa_username;VARCHAR2(50);FALSE;0;-
49;1200599808.sql;1205165684.sql;l1_prescaled_clock;Update:TypeChange;l1pc_name;VARCHAR2(50);FALSE;0;-
49;1200599808.sql;1205165684.sql;l1_prescaled_clock;Update:TypeChange;l1pc_username;VARCHAR2(50);FALSE;0;-
49;1200599808.sql;1205165684.sql;l1_random;Update:TypeChange;l1r_name;VARCHAR2(50);FALSE;0;-
49;1200599808.sql;1205165684.sql;l1_random;Update:TypeChange;l1r_username;VARCHAR2(50);FALSE;0;-
49;1200599808.sql;1205165684.sql;l1_ti_to_tt;Update:TypeChange;l1ti2tt_username;VARCHAR2(50);FALSE;0;-
49;1200599808.sql;1205165684.sql;l1_tm_to_ti;Update:TypeChange;l1tm2ti_username;VARCHAR2(50);FALSE;0;-
49;1200599808.sql;1205165684.sql;l1_tm_to_tt;Update:TypeChange;l1tm2tt_username;VARCHAR2(50);FALSE;0;-
49;1200599808.sql;1205165684.sql;l1_tm_to_tt_forced;Update:TypeChange;l1tm2ttf_username;VARCHAR2(50);FALSE;0;-
49;1200599808.sql;1205165684.sql;l1_tm_to_tt_mon;Update:TypeChange;l1tm2ttm_name;VARCHAR2(50);FALSE;0;-
49;1200599808.sql;1205165684.sql;l1_tm_to_tt_mon;Update:TypeChange;l1tm2ttm_username;VARCHAR2(50);FALSE;0;-
49;1200599808.sql;1205165684.sql;l1_trigger_item;Update:TypeChange;l1ti_username;VARCHAR2(50);FALSE;0;-
49;1200599808.sql;1205165684.sql;l1_trigger_menu;Update:TypeChange;l1tm_name;VARCHAR2(50);FALSE;0;-
49;1200599808.sql;1205165684.sql;l1_trigger_menu;Update:TypeChange;l1tm_phase;VARCHAR2(50);FALSE;0;-
49;1200599808.sql;1205165684.sql;l1_trigger_menu;Update:TypeChange;l1tm_username;VARCHAR2(50);FALSE;0;-
49;1200599808.sql;1205165684.sql;l1_trigger_threshold;Update:TypeChange;l1tt_name;VARCHAR2(50);FALSE;0;-
49;1200599808.sql;1205165684.sql;l1_trigger_threshold;Update:TypeChange;l1tt_username;VARCHAR2(50);FALSE;0;-
49;1200599808.sql;1205165684.sql;l1_trigger_threshold_value;Update:TypeChange;l1ttv_name;VARCHAR2(50);FALSE;0;-
49;1200599808.sql;1205165684.sql;l1_trigger_threshold_value;Update:TypeChange;l1ttv_username;VARCHAR2(50);FALSE;0;-
49;1200599808.sql;1205165684.sql;l1_trigger_type;Update:TypeChange;l1tty_name;VARCHAR2(50);FALSE;0;-
49;1200599808.sql;1205165684.sql;l1_trigger_type;Update:TypeChange;l1tty_username;VARCHAR2(50);FALSE;0;-
49;1200599808.sql;1205165684.sql;l1_tt_to_ttv;Update:TypeChange;l1tt2ttv_username;VARCHAR2(50);FALSE;0;-
49;1200599808.sql;1205165684.sql;super_master_table;Update:TypeChange;smt_username;VARCHAR2(50);FALSE;0;-
49;1200599808.sql;1205165684.sql;trigger_alias;Update:TypeChange;tal_trigger_alias;VARCHAR2(50);FALSE;0;-
49;1200599808.sql;1205165684.sql;trigger_alias;Update:TypeChange;tal_username;VARCHAR2(50);FALSE;0;-
49;1200599808.sql;1205165684.sql;trigger_next_run;Update:TypeChange;tnr_username;VARCHAR2(50);FALSE;0;-
49;1200599808.sql;1205165684.sql;trigger_schema;Update:TypeChange;ts_trigdb_tag;VARCHAR2(50);FALSE;0;-
49;1200599808.sql;1205165684.sql;trigger_schema;Update:TypeChange;ts_trigtool_tag;VARCHAR2(50);FALSE;0;-
50;1205165684.sql;1205256257.sql;hlt_master_table;Insertion:UpdateTable;hmt_forced_setup_id;NUMBER(10);FALSE;0;-
51;1205256257.sql;1207152878.sql;hlt_master_table;Insertion:UpdateTable;hmt_comment;VARCHAR2(200);FALSE;0;-
51;1205256257.sql;1207152878.sql;hlt_trigger_chain;Insertion:UpdateTable;htc_comment;VARCHAR2(50);FALSE;0;-
51;1205256257.sql;1207152878.sql;l1_ctp_smx;Deletion:UpdateTable;l1smx_bin_slot7;BLOB;FALSE;0;-
51;1205256257.sql;1207152878.sql;l1_ctp_smx;Deletion:UpdateTable;l1smx_bin_slot8;BLOB;FALSE;0;-
51;1205256257.sql;1207152878.sql;l1_ctp_smx;Deletion:UpdateTable;l1smx_bin_slot9;BLOB;FALSE;0;-
51;1205256257.sql;1207152878.sql;l1_ctp_smx;Insertion:UpdateTable;l1smx_svfi_slot7;CLOB;FALSE;0;-
51;1205256257.sql;1207152878.sql;l1_ctp_smx;Insertion:UpdateTable;l1smx_svfi_slot8;CLOB;FALSE;0;-
51;1205256257.sql;1207152878.sql;l1_ctp_smx;Insertion:UpdateTable;l1smx_svfi_slot9;CLOB;FALSE;0;-
51;1205256257.sql;1207152878.sql;l1_master_table;Insertion:UpdateTable;l1mt_comment;VARCHAR2(200);FALSE;0;-
51;1205256257.sql;1207152878.sql;super_master_table;Insertion:UpdateTable;smt_comment;VARCHAR2(200);FALSE;0;-
51;1205256257.sql;1207152878.sql;trigger_log;Insertion:NewTable;tlog_message;VARCHAR2(1000);FALSE;0;-
51;1205256257.sql;1207152878.sql;trigger_log;Insertion:NewTable;tlog_modified_time;TIMESTAMP;FALSE;0;-
51;1205256257.sql;1207152878.sql;trigger_log;Insertion:NewTable;tlog_username;VARCHAR2(50);FALSE;0;-
52;1207152878.sql;1207155106.sql;-;-;-;-;-;-;-
53;1207155106.sql;1207645001.sql;hlt_prescale_set;Update:TypeChange;hps_name;VARCHAR2(65);FALSE;0;-
53;1207155106.sql;1207645001.sql;hlt_tc_to_tr;Deletion:DeleteTable;htc2tr_id;NUMBER(10);TRUE;0;-
53;1207155106.sql;1207645001.sql;hlt_tc_to_tr;Deletion:DeleteTable;htc2tr_modified_time;TIMESTAMP;FALSE;0;-
53;1207155106.sql;1207645001.sql;hlt_tc_to_tr;Deletion:DeleteTable;htc2tr_trigger_chain_id;NUMBER(10);FALSE;0;htc_id@hlt_trigger_chain
53;1207155106.sql;1207645001.sql;hlt_tc_to_tr;Deletion:DeleteTable;htc2tr_trigger_stream_id;NUMBER(10);FALSE;0;htr_id@hlt_trigger_stream
53;1207155106.sql;1207645001.sql;hlt_tc_to_tr;Deletion:DeleteTable;htc2tr_trigger_stream_prescale;NUMBER(10);FALSE;0;-
53;1207155106.sql;1207645001.sql;hlt_tc_to_tr;Deletion:DeleteTable;htc2tr_used;CHAR;FALSE;0;-
53;1207155106.sql;1207645001.sql;hlt_tc_to_tr;Deletion:DeleteTable;htc2tr_username;VARCHAR2(50);FALSE;0;-
53;1207155106.sql;1207645001.sql;hlt_tc_to_tt;Insertion:NewTable;htc2tt_id;NUMBER(10);TRUE;0;-
53;1207155106.sql;1207645001.sql;hlt_tc_to_tt;Insertion:NewTable;htc2tt_modified_time;TIMESTAMP;FALSE;0;-
53;1207155106.sql;1207645001.sql;hlt_tc_to_tt;Insertion:NewTable;htc2tt_trigger_chain_id;NUMBER(10);FALSE;0;htc_id@hlt_trigger_chain
53;1207155106.sql;1207645001.sql;hlt_tc_to_tt;Insertion:NewTable;htc2tt_trigger_streamtag_id;NUMBER(10);FALSE;0;htt_id@hlt_trigger_streamtag
53;1207155106.sql;1207645001.sql;hlt_tc_to_tt;Insertion:NewTable;htc2tt_used;CHAR;FALSE;0;-
53;1207155106.sql;1207645001.sql;hlt_tc_to_tt;Insertion:NewTable;htc2tt_username;VARCHAR2(50);FALSE;0;-
53;1207155106.sql;1207645001.sql;hlt_trigger_stream;Deletion:UpdateTable;htr_type;VARCHAR2(50);FALSE;0;-
53;1207155106.sql;1207645001.sql;hlt_trigger_streamtag;Insertion:NewTable;htt_id;NUMBER(10);TRUE;0;-
53;1207155106.sql;1207645001.sql;hlt_trigger_streamtag;Insertion:NewTable;htt_modified_time;TIMESTAMP;FALSE;0;-
53;1207155106.sql;1207645001.sql;hlt_trigger_streamtag;Insertion:NewTable;htt_name;VARCHAR2(50);FALSE;0;-
53;1207155106.sql;1207645001.sql;hlt_trigger_streamtag;Insertion:NewTable;htt_used;CHAR;FALSE;0;-
53;1207155106.sql;1207645001.sql;hlt_trigger_streamtag;Insertion:NewTable;htt_username;VARCHAR2(50);FALSE;0;-
53;1207155106.sql;1207645001.sql;hlt_trigger_type;Deletion:UpdateTable;htt_id;NUMBER(10);TRUE;0;-
53;1207155106.sql;1207645001.sql;hlt_trigger_type;Deletion:UpdateTable;htt_modified_time;TIMESTAMP;FALSE;0;-
53;1207155106.sql;1207645001.sql;hlt_trigger_type;Deletion:UpdateTable;htt_trigger_chain_id;NUMBER(10);FALSE;0;htc_id@hlt_trigger_chain
53;1207155106.sql;1207645001.sql;hlt_trigger_type;Deletion:UpdateTable;htt_typebit;NUMBER(10);FALSE;0;-
53;1207155106.sql;1207645001.sql;hlt_trigger_type;Deletion:UpdateTable;htt_used;CHAR;FALSE;0;-
53;1207155106.sql;1207645001.sql;hlt_trigger_type;Deletion:UpdateTable;htt_username;VARCHAR2(50);FALSE;0;-
53;1207155106.sql;1207645001.sql;hlt_trigger_type;Insertion:UpdateTable;hty_id;NUMBER(10);TRUE;0;-
53;1207155106.sql;1207645001.sql;hlt_trigger_type;Insertion:UpdateTable;hty_modified_time;TIMESTAMP;FALSE;0;-
53;1207155106.sql;1207645001.sql;hlt_trigger_type;Insertion:UpdateTable;hty_trigger_chain_id;NUMBER(10);FALSE;0;htc_id@hlt_trigger_chain
53;1207155106.sql;1207645001.sql;hlt_trigger_type;Insertion:UpdateTable;hty_typebit;NUMBER(10);FALSE;0;-
53;1207155106.sql;1207645001.sql;hlt_trigger_type;Insertion:UpdateTable;hty_used;CHAR;FALSE;0;-
53;1207155106.sql;1207645001.sql;hlt_trigger_type;Insertion:UpdateTable;hty_username;VARCHAR2(50);FALSE;0;-
53;1207155106.sql;1207645001.sql;hlt_tt_to_tr;Insertion:NewTable;htt2tr_id;NUMBER(10);TRUE;0;-
53;1207155106.sql;1207645001.sql;hlt_tt_to_tr;Insertion:NewTable;htt2tr_modified_time;TIMESTAMP;FALSE;0;-
53;1207155106.sql;1207645001.sql;hlt_tt_to_tr;Insertion:NewTable;htt2tr_trigger_stream_id;NUMBER(10);FALSE;0;htr_id@hlt_trigger_stream
53;1207155106.sql;1207645001.sql;hlt_tt_to_tr;Insertion:NewTable;htt2tr_trigger_stream_prescale;NUMBER(10);FALSE;0;-
53;1207155106.sql;1207645001.sql;hlt_tt_to_tr;Insertion:NewTable;htt2tr_trigger_streamtag_id;NUMBER(10);FALSE;0;htt_id@hlt_trigger_streamtag
53;1207155106.sql;1207645001.sql;hlt_tt_to_tr;Insertion:NewTable;htt2tr_used;CHAR;FALSE;0;-
53;1207155106.sql;1207645001.sql;hlt_tt_to_tr;Insertion:NewTable;htt2tr_username;VARCHAR2(50);FALSE;0;-
53;1207155106.sql;1207645001.sql;l1_prescale_set;Update:TypeChange;l1ps_name;VARCHAR2(65);FALSE;0;-
54;1207645001.sql;1207729000.sql;hlt_tc_to_tr;Insertion:NewTable;htc2tr_id;NUMBER(10);TRUE;0;-
54;1207645001.sql;1207729000.sql;hlt_tc_to_tr;Insertion:NewTable;htc2tr_modified_time;TIMESTAMPHTC2TR_USEDCHAR;FALSE;0;-
54;1207645001.sql;1207729000.sql;hlt_tc_to_tr;Insertion:NewTable;htc2tr_trigger_chain_id;NUMBER(10);FALSE;0;htc_id@hlt_trigger_chain
54;1207645001.sql;1207729000.sql;hlt_tc_to_tr;Insertion:NewTable;htc2tr_trigger_stream_id;NUMBER(10);FALSE;0;htr_id@hlt_trigger_stream
54;1207645001.sql;1207729000.sql;hlt_tc_to_tr;Insertion:NewTable;htc2tr_trigger_stream_prescale;NUMBER(10);FALSE;0;-
54;1207645001.sql;1207729000.sql;hlt_tc_to_tr;Insertion:NewTable;htc2tr_username;VARCHAR2(50);FALSE;0;-
54;1207645001.sql;1207729000.sql;hlt_tc_to_tt;Deletion:DeleteTable;htc2tt_id;NUMBER(10);TRUE;0;-
54;1207645001.sql;1207729000.sql;hlt_tc_to_tt;Deletion:DeleteTable;htc2tt_modified_time;TIMESTAMP;FALSE;0;-
54;1207645001.sql;1207729000.sql;hlt_tc_to_tt;Deletion:DeleteTable;htc2tt_trigger_chain_id;NUMBER(10);FALSE;0;htc_id@hlt_trigger_chain
54;1207645001.sql;1207729000.sql;hlt_tc_to_tt;Deletion:DeleteTable;htc2tt_trigger_streamtag_id;NUMBER(10);FALSE;0;htt_id@hlt_trigger_streamtag
54;1207645001.sql;1207729000.sql;hlt_tc_to_tt;Deletion:DeleteTable;htc2tt_used;CHAR;FALSE;0;-
54;1207645001.sql;1207729000.sql;hlt_tc_to_tt;Deletion:DeleteTable;htc2tt_username;VARCHAR2(50);FALSE;0;-
54;1207645001.sql;1207729000.sql;hlt_trigger_stream;Insertion:UpdateTable;htr_type;VARCHAR2(50);FALSE;0;-
54;1207645001.sql;1207729000.sql;hlt_trigger_streamtag;Deletion:DeleteTable;htt_id;NUMBER(10);TRUE;0;-
54;1207645001.sql;1207729000.sql;hlt_trigger_streamtag;Deletion:DeleteTable;htt_modified_time;TIMESTAMP;FALSE;0;-
54;1207645001.sql;1207729000.sql;hlt_trigger_streamtag;Deletion:DeleteTable;htt_name;VARCHAR2(50);FALSE;0;-
54;1207645001.sql;1207729000.sql;hlt_trigger_streamtag;Deletion:DeleteTable;htt_used;CHAR;FALSE;0;-
54;1207645001.sql;1207729000.sql;hlt_trigger_streamtag;Deletion:DeleteTable;htt_username;VARCHAR2(50);FALSE;0;-
54;1207645001.sql;1207729000.sql;hlt_trigger_type;Insertion:UpdateTable;htt_id;NUMBER(10);TRUE;0;-
54;1207645001.sql;1207729000.sql;hlt_trigger_type;Insertion:UpdateTable;htt_modified_time;TIMESTAMP;FALSE;0;-
54;1207645001.sql;1207729000.sql;hlt_trigger_type;Insertion:UpdateTable;htt_trigger_chain_id;NUMBER(10);FALSE;0;htc_id@hlt_trigger_chain
54;1207645001.sql;1207729000.sql;hlt_trigger_type;Insertion:UpdateTable;htt_typebit;NUMBER(10);FALSE;0;-
54;1207645001.sql;1207729000.sql;hlt_trigger_type;Insertion:UpdateTable;htt_used;CHAR;FALSE;0;-
54;1207645001.sql;1207729000.sql;hlt_trigger_type;Insertion:UpdateTable;htt_username;VARCHAR2(50);FALSE;0;-
54;1207645001.sql;1207729000.sql;hlt_trigger_type;Deletion:UpdateTable;hty_id;NUMBER(10);TRUE;0;-
54;1207645001.sql;1207729000.sql;hlt_trigger_type;Deletion:UpdateTable;hty_modified_time;TIMESTAMP;FALSE;0;-
54;1207645001.sql;1207729000.sql;hlt_trigger_type;Deletion:UpdateTable;hty_trigger_chain_id;NUMBER(10);FALSE;0;htc_id@hlt_trigger_chain
54;1207645001.sql;1207729000.sql;hlt_trigger_type;Deletion:UpdateTable;hty_typebit;NUMBER(10);FALSE;0;-
54;1207645001.sql;1207729000.sql;hlt_trigger_type;Deletion:UpdateTable;hty_used;CHAR;FALSE;0;-
54;1207645001.sql;1207729000.sql;hlt_trigger_type;Deletion:UpdateTable;hty_username;VARCHAR2(50);FALSE;0;-
54;1207645001.sql;1207729000.sql;hlt_tt_to_tr;Deletion:DeleteTable;htt2tr_id;NUMBER(10);TRUE;0;-
54;1207645001.sql;1207729000.sql;hlt_tt_to_tr;Deletion:DeleteTable;htt2tr_modified_time;TIMESTAMP;FALSE;0;-
54;1207645001.sql;1207729000.sql;hlt_tt_to_tr;Deletion:DeleteTable;htt2tr_trigger_stream_id;NUMBER(10);FALSE;0;htr_id@hlt_trigger_stream
54;1207645001.sql;1207729000.sql;hlt_tt_to_tr;Deletion:DeleteTable;htt2tr_trigger_stream_prescale;NUMBER(10);FALSE;0;-
54;1207645001.sql;1207729000.sql;hlt_tt_to_tr;Deletion:DeleteTable;htt2tr_trigger_streamtag_id;NUMBER(10);FALSE;0;htt_id@hlt_trigger_streamtag
54;1207645001.sql;1207729000.sql;hlt_tt_to_tr;Deletion:DeleteTable;htt2tr_used;CHAR;FALSE;0;-
54;1207645001.sql;1207729000.sql;hlt_tt_to_tr;Deletion:DeleteTable;htt2tr_username;VARCHAR2(50);FALSE;0;-
55;1207729000.sql;1207730207.sql;hlt_tc_to_tr;Update:TypeChange;htc2tr_modified_time;TIMESTAMP;FALSE;0;-
55;1207729000.sql;1207730207.sql;hlt_tc_to_tr;Insertion:UpdateTable;htc2tr_used;CHAR;FALSE;0;-
56;1207730207.sql;1207732538.sql;hlt_te_to_cp;Insertion:UpdateTable;hte2cp_algorithm_name;NUMBER(10);FALSE;0;-
56;1207730207.sql;1207732538.sql;hlt_te_to_cp;Deletion:UpdateTable;hte2cp_component_id;NUMBER(10);FALSE;0;hcp_id@hlt_component
57;1207732538.sql;1207746551.sql;l1_tm_to_tt_mon;Insertion:UpdateTable;l1tm2ttm_bunch_group_id;NUMBER(10);FALSE;0;l1bg_id@l1_bunch_group
57;1207732538.sql;1207746551.sql;l1_tm_to_tt_mon;Deletion:UpdateTable;l1tm2ttm_bunch_group_set_id;NUMBER(10);FALSE;0;l1bgs_id@l1_bunch_group_set
57;1207732538.sql;1207746551.sql;l1_trigger_type;Deletion:DeleteTable;l1tty_bit0;VARCHAR2(64);FALSE;0;-
57;1207732538.sql;1207746551.sql;l1_trigger_type;Deletion:DeleteTable;l1tty_bit1;VARCHAR2(64);FALSE;0;-
57;1207732538.sql;1207746551.sql;l1_trigger_type;Deletion:DeleteTable;l1tty_bit2;VARCHAR2(64);FALSE;0;-
57;1207732538.sql;1207746551.sql;l1_trigger_type;Deletion:DeleteTable;l1tty_bit3;VARCHAR2(64);FALSE;0;-
57;1207732538.sql;1207746551.sql;l1_trigger_type;Deletion:DeleteTable;l1tty_bit4;VARCHAR2(64);FALSE;0;-
57;1207732538.sql;1207746551.sql;l1_trigger_type;Deletion:DeleteTable;l1tty_bit5;VARCHAR2(64);FALSE;0;-
57;1207732538.sql;1207746551.sql;l1_trigger_type;Deletion:DeleteTable;l1tty_bit6;VARCHAR2(64);FALSE;0;-
57;1207732538.sql;1207746551.sql;l1_trigger_type;Deletion:DeleteTable;l1tty_bit7;VARCHAR2(64);FALSE;0;-
57;1207732538.sql;1207746551.sql;l1_trigger_type;Deletion:DeleteTable;l1tty_id;NUMBER(10);TRUE;0;-
57;1207732538.sql;1207746551.sql;l1_trigger_type;Deletion:DeleteTable;l1tty_modified_time;TIMESTAMP;FALSE;0;-
57;1207732538.sql;1207746551.sql;l1_trigger_type;Deletion:DeleteTable;l1tty_name;VARCHAR2(50);FALSE;0;-
57;1207732538.sql;1207746551.sql;l1_trigger_type;Deletion:DeleteTable;l1tty_used;CHAR;FALSE;0;-
57;1207732538.sql;1207746551.sql;l1_trigger_type;Deletion:DeleteTable;l1tty_username;VARCHAR2(50);FALSE;0;-
57;1207732538.sql;1207746551.sql;l1_trigger_type;Deletion:DeleteTable;l1tty_version;NUMBER(11);FALSE;0;-
57;1207732538.sql;1207746551.sql;tt_users;Insertion:NewTable;tt_level;VARCHAR2(50);FALSE;0;-
57;1207732538.sql;1207746551.sql;tt_users;Insertion:NewTable;tt_password;VARCHAR2(50);FALSE;0;-
57;1207732538.sql;1207746551.sql;tt_users;Insertion:NewTable;tt_user;VARCHAR2(50);FALSE;0;-
58;1207746551.sql;1207757687.sql;hlt_te_to_cp;Update:TypeChange;hte2cp_algorithm_name;VARCHAR2(50);FALSE;0;-
59;1207757687.sql;1207821078.sql;hlt_te_to_cp;Insertion:UpdateTable;hte2cp_algorithm_alias;VARCHAR2(200);FALSE;0;-
59;1207757687.sql;1207821078.sql;hlt_te_to_cp;Update:TypeChange;hte2cp_algorithm_name;VARCHAR2(200);FALSE;0;-
60;1207821078.sql;1207826418.sql;-;-;-;-;-;-;-
61;1207826418.sql;1207826523.sql;hlt_release;Update:TypeChange;hre_version;NUMBER(10);FALSE;0;-
62;1207826523.sql;1208184865.sql;trigger_log;Insertion:UpdateTable;tlog_shrot;VARCHAR2(50);FALSE;0;-
63;1208184865.sql;1208185208.sql;trigger_log;Insertion:UpdateTable;tlog_short;VARCHAR2(50);FALSE;0;-
63;1208184865.sql;1208185208.sql;trigger_log;Deletion:UpdateTable;tlog_shrot;VARCHAR2(50);FALSE;0;-
64;1208185208.sql;1208249112.sql;-;-;-;-;-;-;-
65;1208249112.sql;1211896945.sql;hlt_prescale;Update:TypeChange;hpr_pass_through_rate;VARCHAR2(50);FALSE;0;-
65;1208249112.sql;1211896945.sql;hlt_prescale;Update:TypeChange;hpr_prescale;VARCHAR2(50);FALSE;0;-
65;1208249112.sql;1211896945.sql;hlt_tc_to_tr;Update:TypeChange;htc2tr_trigger_stream_prescale;VARCHAR2(50);FALSE;0;-
66;1211896945.sql;1211899180.sql;hlt_component;Deletion:UpdateTable;hcp_topalg;NUMBER(1);FALSE;0;-
66;1211896945.sql;1211899180.sql;hlt_component;Insertion:UpdateTable;hcp_type;NUMBER(1);FALSE;0;-
66;1211896945.sql;1211899180.sql;hlt_cp_to_cp;Insertion:NewTable;hcp2cp_algo_comp_id;NUMBER(10);FALSE;0;hcp_id@hlt_component
66;1211896945.sql;1211899180.sql;hlt_cp_to_cp;Insertion:NewTable;hcp2cp_id;NUMBER(10);TRUE;0;-
66;1211896945.sql;1211899180.sql;hlt_cp_to_cp;Insertion:NewTable;hcp2cp_modified_time;TIMESTAMP;FALSE;0;-
66;1211896945.sql;1211899180.sql;hlt_cp_to_cp;Insertion:NewTable;hcp2cp_tool_comp_id;NUMBER(10);FALSE;0;hcp_id@hlt_component
66;1211896945.sql;1211899180.sql;hlt_cp_to_cp;Insertion:NewTable;hcp2cp_used;CHAR;FALSE;0;-
66;1211896945.sql;1211899180.sql;hlt_cp_to_cp;Insertion:NewTable;hcp2cp_username;VARCHAR2(50);FALSE;0;-
66;1211896945.sql;1211899180.sql;hlt_te_to_cp;Deletion:UpdateTable;hte2cp_algorithm_alias;VARCHAR2(200);FALSE;0;-
66;1211896945.sql;1211899180.sql;hlt_te_to_cp;Deletion:UpdateTable;hte2cp_algorithm_name;VARCHAR2(200);FALSE;0;-
66;1211896945.sql;1211899180.sql;hlt_te_to_cp;Insertion:UpdateTable;hte2cp_component_id;NUMBER(10);FALSE;0;hcp_id@hlt_component
66;1211896945.sql;1211899180.sql;hlt_te_to_cp;Update:TypeChange;hte2cp_username;VARCHAR2(30);FALSE;0;-
67;1211899180.sql;1213201832.sql;hlt_component;Deletion:UpdateTable;hcp_flag;VARCHAR2(50);FALSE;0;-
67;1211899180.sql;1213201832.sql;hlt_component;Update:TypeChange;hcp_type;VARCHAR2(50);FALSE;0;-
67;1211899180.sql;1213201832.sql;hlt_cp_to_cp;Deletion:UpdateTable;hcp2cp_algo_comp_id;NUMBER(10);FALSE;0;hcp_id@hlt_component
67;1211899180.sql;1213201832.sql;hlt_cp_to_cp;Deletion:UpdateTable;hcp2cp_tool_comp_id;NUMBER(10);FALSE;0;hcp_id@hlt_component
67;1211899180.sql;1213201832.sql;hlt_cp_to_cp;Insertion:UpdateTable;hcp2cp_child_comp_id;NUMBER(10);FALSE;0;hcp_id@hlt_component
67;1211899180.sql;1213201832.sql;hlt_cp_to_cp;Insertion:UpdateTable;hcp2cp_parent_comp_id;NUMBER(10);FALSE;0;hcp_id@hlt_component
67;1211899180.sql;1213201832.sql;hlt_prescale_set;Deletion:UpdateTable;hps_trigger_menu_id;NUMBER(10);FALSE;0;htm_id@hlt_trigger_menu
67;1211899180.sql;1213201832.sql;hlt_tm_to_ps;Insertion:NewTable;htm2ps_id;NUMBER(10);TRUE;0;-
67;1211899180.sql;1213201832.sql;hlt_tm_to_ps;Insertion:NewTable;htm2ps_modified_time;TIMESTAMP;FALSE;0;-
67;1211899180.sql;1213201832.sql;hlt_tm_to_ps;Insertion:NewTable;htm2ps_prescale_set_id;NUMBER(10);FALSE;0;hps_id@hlt_prescale_set
67;1211899180.sql;1213201832.sql;hlt_tm_to_ps;Insertion:NewTable;htm2ps_trigger_menu_id;NUMBER(10);FALSE;0;htm_id@hlt_trigger_menu
67;1211899180.sql;1213201832.sql;hlt_tm_to_ps;Insertion:NewTable;htm2ps_used;CHAR;FALSE;0;-
67;1211899180.sql;1213201832.sql;hlt_tm_to_ps;Insertion:NewTable;htm2ps_username;VARCHAR2(50);FALSE;0;-
67;1211899180.sql;1213201832.sql;hlt_trigger_chain;Insertion:UpdateTable;htc_user_version;NUMBER(11);FALSE;0;-
67;1211899180.sql;1213201832.sql;l1_calo_info;Update:TypeChange;l1ci_global_scale;VARCHAR2(10);FALSE;0;-
67;1211899180.sql;1213201832.sql;l1_master_table;Deletion:UpdateTable;l1mt_bunch_group_set_id;NUMBER(10);FALSE;0;l1bgs_id@l1_bunch_group_set
67;1211899180.sql;1213201832.sql;l1_prescale_set;Update:TypeChange;l1ps_lumi;VARCHAR2(10);FALSE;0;-
67;1211899180.sql;1213201832.sql;l1_prescale_set;Deletion:UpdateTable;l1ps_trigger_menu_id;NUMBER(10);FALSE;0;l1tm_id@l1_trigger_menu
67;1211899180.sql;1213201832.sql;l1_tm_to_ps;Insertion:NewTable;l1tm2ps_id;NUMBER(10);TRUE;0;-
67;1211899180.sql;1213201832.sql;l1_tm_to_ps;Insertion:NewTable;l1tm2ps_modified_time;TIMESTAMP;FALSE;0;-
67;1211899180.sql;1213201832.sql;l1_tm_to_ps;Insertion:NewTable;l1tm2ps_prescale_set_id;NUMBER(10);FALSE;0;l1ps_id@l1_prescale_set
67;1211899180.sql;1213201832.sql;l1_tm_to_ps;Insertion:NewTable;l1tm2ps_trigger_menu_id;NUMBER(10);FALSE;0;l1tm_id@l1_trigger_menu
67;1211899180.sql;1213201832.sql;l1_tm_to_ps;Insertion:NewTable;l1tm2ps_used;CHAR;FALSE;0;-
67;1211899180.sql;1213201832.sql;l1_tm_to_ps;Insertion:NewTable;l1tm2ps_username;VARCHAR2(50);FALSE;0;-
67;1211899180.sql;1213201832.sql;l1_trigger_threshold_value;Update:TypeChange;l1ttv_em_isolation;VARCHAR2(10);FALSE;0;-
67;1211899180.sql;1213201832.sql;l1_trigger_threshold_value;Update:TypeChange;l1ttv_had_isolation;VARCHAR2(10);FALSE;0;-
67;1211899180.sql;1213201832.sql;l1_trigger_threshold_value;Update:TypeChange;l1ttv_had_veto;VARCHAR2(10);FALSE;0;-
67;1211899180.sql;1213201832.sql;l1_trigger_threshold_value;Update:TypeChange;l1ttv_priority;VARCHAR2(10);FALSE;0;-
67;1211899180.sql;1213201832.sql;l1_trigger_threshold_value;Update:TypeChange;l1ttv_pt_cut;VARCHAR2(10);FALSE;0;-
68;1213201832.sql;1213801487.sql;hlt_prescale_set;Insertion:UpdateTable;hps_comment;VARCHAR2(200);FALSE;0;-
68;1213201832.sql;1213801487.sql;l1_bunch_group_set;Insertion:UpdateTable;l1bgs_comment;VARCHAR2(200);FALSE;0;-
68;1213201832.sql;1213801487.sql;l1_prescale_set;Insertion:UpdateTable;l1ps_comment;VARCHAR2(200);FALSE;0;-
68;1213201832.sql;1213801487.sql;super_master_table;Insertion:UpdateTable;smt_origin;VARCHAR2(50);FALSE;0;-
68;1213201832.sql;1213801487.sql;super_master_table;Insertion:UpdateTable;smt_parent_history_key;NUMBER(10);FALSE;0;-
69;1213801487.sql;1215003241.sql;l1_bunch_group;Insertion:UpdateTable;l1bg_comment;VARCHAR2(200);FALSE;0;-
69;1213801487.sql;1215003241.sql;l1_master_table;Insertion:UpdateTable;l1mt_muon_threshold_set_id;NUMBER(10);FALSE;0;l1mts_id@l1_muon_threshold_set
69;1213801487.sql;1215003241.sql;l1_muon_threshold_set;Insertion:NewTable;l1mts_id;NUMBER(10);TRUE;0;-
69;1213801487.sql;1215003241.sql;l1_muon_threshold_set;Insertion:NewTable;l1mts_modified_time;TIMESTAMP;FALSE;0;-
69;1213801487.sql;1215003241.sql;l1_muon_threshold_set;Insertion:NewTable;l1mts_name;VARCHAR2(50);FALSE;0;-
69;1213801487.sql;1215003241.sql;l1_muon_threshold_set;Insertion:NewTable;l1mts_rpc_available;CHAR;FALSE;0;-
69;1213801487.sql;1215003241.sql;l1_muon_threshold_set;Insertion:NewTable;l1mts_rpc_available_online;CHAR;FALSE;0;-
69;1213801487.sql;1215003241.sql;l1_muon_threshold_set;Insertion:NewTable;l1mts_rpc_pt1_ext_id;NUMBER(10);FALSE;0;-
69;1213801487.sql;1215003241.sql;l1_muon_threshold_set;Insertion:NewTable;l1mts_rpc_pt2_ext_id;NUMBER(10);FALSE;0;-
69;1213801487.sql;1215003241.sql;l1_muon_threshold_set;Insertion:NewTable;l1mts_rpc_pt3_ext_id;NUMBER(10);FALSE;0;-
69;1213801487.sql;1215003241.sql;l1_muon_threshold_set;Insertion:NewTable;l1mts_rpc_pt4_ext_id;NUMBER(10);FALSE;0;-
69;1213801487.sql;1215003241.sql;l1_muon_threshold_set;Insertion:NewTable;l1mts_rpc_pt5_ext_id;NUMBER(10);FALSE;0;-
69;1213801487.sql;1215003241.sql;l1_muon_threshold_set;Insertion:NewTable;l1mts_rpc_pt6_ext_id;NUMBER(10);FALSE;0;-
69;1213801487.sql;1215003241.sql;l1_muon_threshold_set;Insertion:NewTable;l1mts_rpc_set_ext_id;NUMBER(10);FALSE;0;-
69;1213801487.sql;1215003241.sql;l1_muon_threshold_set;Insertion:NewTable;l1mts_tgc_available;CHAR;FALSE;0;-
69;1213801487.sql;1215003241.sql;l1_muon_threshold_set;Insertion:NewTable;l1mts_tgc_available_online;CHAR;FALSE;0;-
69;1213801487.sql;1215003241.sql;l1_muon_threshold_set;Insertion:NewTable;l1mts_tgc_pt1_ext_id;NUMBER(10);FALSE;0;-
69;1213801487.sql;1215003241.sql;l1_muon_threshold_set;Insertion:NewTable;l1mts_tgc_pt2_ext_id;NUMBER(10);FALSE;0;-
69;1213801487.sql;1215003241.sql;l1_muon_threshold_set;Insertion:NewTable;l1mts_tgc_pt3_ext_id;NUMBER(10);FALSE;0;-
69;1213801487.sql;1215003241.sql;l1_muon_threshold_set;Insertion:NewTable;l1mts_tgc_pt4_ext_id;NUMBER(10);FALSE;0;-
69;1213801487.sql;1215003241.sql;l1_muon_threshold_set;Insertion:NewTable;l1mts_tgc_pt5_ext_id;NUMBER(10);FALSE;0;-
69;1213801487.sql;1215003241.sql;l1_muon_threshold_set;Insertion:NewTable;l1mts_tgc_pt6_ext_id;NUMBER(10);FALSE;0;-
69;1213801487.sql;1215003241.sql;l1_muon_threshold_set;Insertion:NewTable;l1mts_tgc_set_ext_id;NUMBER(10);FALSE;0;-
69;1213801487.sql;1215003241.sql;l1_muon_threshold_set;Insertion:NewTable;l1mts_used;CHAR;FALSE;0;-
69;1213801487.sql;1215003241.sql;l1_muon_threshold_set;Insertion:NewTable;l1mts_username;VARCHAR2(50);FALSE;0;-
69;1213801487.sql;1215003241.sql;l1_muon_threshold_set;Insertion:NewTable;l1mts_version;NUMBER(11);FALSE;0;-
69;1213801487.sql;1215003241.sql;l1_muon_threshold_sets;Deletion:DeleteTable;l1mts_avl;CHAR;FALSE;0;-
69;1213801487.sql;1215003241.sql;l1_muon_threshold_sets;Deletion:DeleteTable;l1mts_avl_onl;CHAR;FALSE;0;-
69;1213801487.sql;1215003241.sql;l1_muon_threshold_sets;Deletion:DeleteTable;l1mts_id;NUMBER(10);TRUE;0;-
69;1213801487.sql;1215003241.sql;l1_muon_threshold_sets;Deletion:DeleteTable;l1mts_modified_time;TIMESTAMP;FALSE;0;-
69;1213801487.sql;1215003241.sql;l1_muon_threshold_sets;Deletion:DeleteTable;l1mts_name;VARCHAR2(50);FALSE;0;-
69;1213801487.sql;1215003241.sql;l1_muon_threshold_sets;Deletion:DeleteTable;l1mts_pt1;NUMBER(5);FALSE;0;-
69;1213801487.sql;1215003241.sql;l1_muon_threshold_sets;Deletion:DeleteTable;l1mts_pt2;NUMBER(5);FALSE;0;-
69;1213801487.sql;1215003241.sql;l1_muon_threshold_sets;Deletion:DeleteTable;l1mts_pt3;NUMBER(5);FALSE;0;-
69;1213801487.sql;1215003241.sql;l1_muon_threshold_sets;Deletion:DeleteTable;l1mts_pt4;NUMBER(5);FALSE;0;-
69;1213801487.sql;1215003241.sql;l1_muon_threshold_sets;Deletion:DeleteTable;l1mts_pt5;NUMBER(5);FALSE;0;-
69;1213801487.sql;1215003241.sql;l1_muon_threshold_sets;Deletion:DeleteTable;l1mts_pt6;NUMBER(5);FALSE;0;-
69;1213801487.sql;1215003241.sql;l1_muon_threshold_sets;Deletion:DeleteTable;l1mts_used;CHAR;FALSE;0;-
69;1213801487.sql;1215003241.sql;l1_muon_threshold_sets;Deletion:DeleteTable;l1mts_username;VARCHAR2(50);FALSE;0;-
69;1213801487.sql;1215003241.sql;l1_muon_threshold_sets;Deletion:DeleteTable;l1mts_version;NUMBER(11);FALSE;0;-
70;1215003241.sql;1215183813.sql;HLT_HRC_TO_HRP;Insertion:NewTable;hrc2rp_component_id;NUMBER(10);FALSE;0;hrc_id@HLT_RULE_COMPONENT
70;1215003241.sql;1215183813.sql;HLT_HRC_TO_HRP;Insertion:NewTable;hrc2rp_id;NUMBER(10);TRUE;0;-
70;1215003241.sql;1215183813.sql;HLT_HRC_TO_HRP;Insertion:NewTable;hrc2rp_modified_time;TIMESTAMP;FALSE;0;-
70;1215003241.sql;1215183813.sql;HLT_HRC_TO_HRP;Insertion:NewTable;hrc2rp_parameter_id;NUMBER(10);FALSE;0;hrp_id@HLT_RULE_PARAMETER
70;1215003241.sql;1215183813.sql;HLT_HRC_TO_HRP;Insertion:NewTable;hrc2rp_used;CHAR;FALSE;0;-
70;1215003241.sql;1215183813.sql;HLT_HRC_TO_HRP;Insertion:NewTable;hrc2rp_username;VARCHAR2(50);FALSE;0;-
70;1215003241.sql;1215183813.sql;HLT_HRS_TO_HRU;Insertion:NewTable;hrs2ru_id;NUMBER(10);TRUE;0;-
70;1215003241.sql;1215183813.sql;HLT_HRS_TO_HRU;Insertion:NewTable;hrs2ru_modified_time;TIMESTAMP;FALSE;0;-
70;1215003241.sql;1215183813.sql;HLT_HRS_TO_HRU;Insertion:NewTable;hrs2ru_rule_id;NUMBER(10);FALSE;0;hru_id@HLT_RULE
70;1215003241.sql;1215183813.sql;HLT_HRS_TO_HRU;Insertion:NewTable;hrs2ru_rule_set_id;NUMBER(10);FALSE;0;hrs_id@HLT_RULE_SET
70;1215003241.sql;1215183813.sql;HLT_HRS_TO_HRU;Insertion:NewTable;hrs2ru_used;CHAR;FALSE;0;-
70;1215003241.sql;1215183813.sql;HLT_HRS_TO_HRU;Insertion:NewTable;hrs2ru_username;VARCHAR2(50);FALSE;0;-
70;1215003241.sql;1215183813.sql;HLT_HRU_TO_HRC;Insertion:NewTable;hru2rc_component_id;NUMBER(10);FALSE;0;hrc_id@HLT_RULE_COMPONENT
70;1215003241.sql;1215183813.sql;HLT_HRU_TO_HRC;Insertion:NewTable;hru2rc_component_type;NUMBER(1);FALSE;0;-
70;1215003241.sql;1215183813.sql;HLT_HRU_TO_HRC;Insertion:NewTable;hru2rc_id;NUMBER(10);TRUE;0;-
70;1215003241.sql;1215183813.sql;HLT_HRU_TO_HRC;Insertion:NewTable;hru2rc_modified_time;TIMESTAMP;FALSE;0;-
70;1215003241.sql;1215183813.sql;HLT_HRU_TO_HRC;Insertion:NewTable;hru2rc_rule_id;NUMBER(10);FALSE;0;hru_id@HLT_RULE
70;1215003241.sql;1215183813.sql;HLT_HRU_TO_HRC;Insertion:NewTable;hru2rc_used;CHAR;FALSE;0;-
70;1215003241.sql;1215183813.sql;HLT_HRU_TO_HRC;Insertion:NewTable;hru2rc_username;VARCHAR2(50);FALSE;0;-
70;1215003241.sql;1215183813.sql;HLT_RULE;Insertion:NewTable;hru_id;NUMBER(10);TRUE;0;-
70;1215003241.sql;1215183813.sql;HLT_RULE;Insertion:NewTable;hru_modified_time;TIMESTAMP;FALSE;0;-
70;1215003241.sql;1215183813.sql;HLT_RULE;Insertion:NewTable;hru_name;VARCHAR2(50);FALSE;0;-
70;1215003241.sql;1215183813.sql;HLT_RULE;Insertion:NewTable;hru_type;NUMBER(1);FALSE;0;-
70;1215003241.sql;1215183813.sql;HLT_RULE;Insertion:NewTable;hru_used;CHAR;FALSE;0;-
70;1215003241.sql;1215183813.sql;HLT_RULE;Insertion:NewTable;hru_username;VARCHAR2(50);FALSE;0;-
70;1215003241.sql;1215183813.sql;HLT_RULE;Insertion:NewTable;hru_version;NUMBER(11);FALSE;0;-
70;1215003241.sql;1215183813.sql;HLT_RULE_COMPONENT;Insertion:NewTable;hrc_alias;VARCHAR2(200);FALSE;0;-
70;1215003241.sql;1215183813.sql;HLT_RULE_COMPONENT;Insertion:NewTable;hrc_id;NUMBER(10);TRUE;0;-
70;1215003241.sql;1215183813.sql;HLT_RULE_COMPONENT;Insertion:NewTable;hrc_modified_time;TIMESTAMP;FALSE;0;-
70;1215003241.sql;1215183813.sql;HLT_RULE_COMPONENT;Insertion:NewTable;hrc_name;VARCHAR2(200);FALSE;0;-
70;1215003241.sql;1215183813.sql;HLT_RULE_COMPONENT;Insertion:NewTable;hrc_type;VARCHAR2(50);FALSE;0;-
70;1215003241.sql;1215183813.sql;HLT_RULE_COMPONENT;Insertion:NewTable;hrc_used;CHAR;FALSE;0;-
70;1215003241.sql;1215183813.sql;HLT_RULE_COMPONENT;Insertion:NewTable;hrc_username;VARCHAR2(50);FALSE;0;-
70;1215003241.sql;1215183813.sql;HLT_RULE_COMPONENT;Insertion:NewTable;hrc_version;NUMBER(11);FALSE;0;-
70;1215003241.sql;1215183813.sql;HLT_RULE_PARAMETER;Insertion:NewTable;hrp_id;NUMBER(10);TRUE;0;-
70;1215003241.sql;1215183813.sql;HLT_RULE_PARAMETER;Insertion:NewTable;hrp_modified_time;TIMESTAMP;FALSE;0;-
70;1215003241.sql;1215183813.sql;HLT_RULE_PARAMETER;Insertion:NewTable;hrp_name;VARCHAR2(50);FALSE;0;-
70;1215003241.sql;1215183813.sql;HLT_RULE_PARAMETER;Insertion:NewTable;hrp_op;VARCHAR2(30);FALSE;0;-
70;1215003241.sql;1215183813.sql;HLT_RULE_PARAMETER;Insertion:NewTable;hrp_used;CHAR;FALSE;0;-
70;1215003241.sql;1215183813.sql;HLT_RULE_PARAMETER;Insertion:NewTable;hrp_username;VARCHAR2(50);FALSE;0;-
70;1215003241.sql;1215183813.sql;HLT_RULE_PARAMETER;Insertion:NewTable;hrp_value;VARCHAR2(4000);FALSE;0;-
70;1215003241.sql;1215183813.sql;HLT_RULE_SET;Insertion:NewTable;hrs_id;NUMBER(10);TRUE;0;-
70;1215003241.sql;1215183813.sql;HLT_RULE_SET;Insertion:NewTable;hrs_modified_time;TIMESTAMP;FALSE;0;-
70;1215003241.sql;1215183813.sql;HLT_RULE_SET;Insertion:NewTable;hrs_name;VARCHAR2(50);FALSE;0;-
70;1215003241.sql;1215183813.sql;HLT_RULE_SET;Insertion:NewTable;hrs_used;CHAR;FALSE;0;-
70;1215003241.sql;1215183813.sql;HLT_RULE_SET;Insertion:NewTable;hrs_username;VARCHAR2(50);FALSE;0;-
70;1215003241.sql;1215183813.sql;HLT_RULE_SET;Insertion:NewTable;hrs_version;NUMBER(11);FALSE;0;-
71;1215183813.sql;1215535007.sql;hlt_component;Insertion:UpdateTable;hcp_py_name;VARCHAR2(200);FALSE;0;-
71;1215183813.sql;1215535007.sql;hlt_component;Insertion:UpdateTable;hcp_py_package;VARCHAR2(200);FALSE;0;-
71;1215183813.sql;1215535007.sql;hlt_component;Update:TypeChange;hcp_type;VARCHAR2(200);FALSE;0;-
71;1215183813.sql;1215535007.sql;hlt_parameter;Insertion:UpdateTable;hpa_chain_user_version;CHAR;FALSE;0;-
72;1215535007.sql;1216817133.sql;-;-;-;-;-;-;-
73;1216817133.sql;1216821017.sql;HLT_HRE_TO_HRS;Insertion:NewTable;hre2rs_id;NUMBER(10);TRUE;0;-
73;1216817133.sql;1216821017.sql;HLT_HRE_TO_HRS;Insertion:NewTable;hre2rs_modified_time;TIMESTAMP;FALSE;0;-
73;1216817133.sql;1216821017.sql;HLT_HRE_TO_HRS;Insertion:NewTable;hre2rs_release_id;NUMBER(10);FALSE;0;-
73;1216817133.sql;1216821017.sql;HLT_HRE_TO_HRS;Insertion:NewTable;hre2rs_rule_set_id;NUMBER(10);FALSE;0;hrs_id@HLT_RULE_SET
73;1216817133.sql;1216821017.sql;HLT_HRE_TO_HRS;Insertion:NewTable;hre2rs_used;CHAR;FALSE;0;-
73;1216817133.sql;1216821017.sql;HLT_HRE_TO_HRS;Insertion:NewTable;hre2rs_username;VARCHAR2(50);FALSE;0;-
73;1216817133.sql;1216821017.sql;HLT_HRS_TO_HRU;Insertion:UpdateTable;hrs2ru_rule_counter;NUMBER(10);FALSE;0;-
73;1216817133.sql;1216821017.sql;HLT_RULE_COMPONENT;Insertion:UpdateTable;hrc_py_name;VARCHAR2(200);FALSE;0;-
73;1216817133.sql;1216821017.sql;HLT_RULE_COMPONENT;Insertion:UpdateTable;hrc_py_package;VARCHAR2(200);FALSE;0;-
74;1216821017.sql;1217322351.sql;l1_master_table;Deletion:DeleteTable;l1mt_calo_info_id;NUMBER(10);FALSE;0;l1ci_id@l1_calo_info
74;1216821017.sql;1217322351.sql;l1_master_table;Deletion:DeleteTable;l1mt_comment;VARCHAR2(200);FALSE;0;-
74;1216821017.sql;1217322351.sql;l1_master_table;Deletion:DeleteTable;l1mt_dead_time_id;NUMBER(10);FALSE;0;l1dt_id@l1_dead_time
74;1216821017.sql;1217322351.sql;l1_master_table;Deletion:DeleteTable;l1mt_id;NUMBER(10);TRUE;0;-
74;1216821017.sql;1217322351.sql;l1_master_table;Deletion:DeleteTable;l1mt_modified_time;TIMESTAMP;FALSE;0;-
74;1216821017.sql;1217322351.sql;l1_master_table;Deletion:DeleteTable;l1mt_muctpi_info_id;NUMBER(10);FALSE;0;l1mi_id@l1_muctpi_info
74;1216821017.sql;1217322351.sql;l1_master_table;Deletion:DeleteTable;l1mt_muon_threshold_set_id;NUMBER(10);FALSE;0;l1mts_id@l1_muon_threshold_set
74;1216821017.sql;1217322351.sql;l1_master_table;Deletion:DeleteTable;l1mt_name;VARCHAR2(50);FALSE;0;-
74;1216821017.sql;1217322351.sql;l1_master_table;Deletion:DeleteTable;l1mt_prescaled_clock_id;NUMBER(10);FALSE;0;l1pc_id@l1_prescaled_clock
74;1216821017.sql;1217322351.sql;l1_master_table;Deletion:DeleteTable;l1mt_random_id;NUMBER(10);FALSE;0;l1r_id@l1_random
74;1216821017.sql;1217322351.sql;l1_master_table;Deletion:DeleteTable;l1mt_status;NUMBER(2);FALSE;0;-
74;1216821017.sql;1217322351.sql;l1_master_table;Deletion:DeleteTable;l1mt_trigger_menu_id;NUMBER(10);FALSE;0;l1tm_id@l1_trigger_menu
74;1216821017.sql;1217322351.sql;l1_master_table;Deletion:DeleteTable;l1mt_used;CHAR;FALSE;0;-
74;1216821017.sql;1217322351.sql;l1_master_table;Deletion:DeleteTable;l1mt_username;VARCHAR2(50);FALSE;0;-
74;1216821017.sql;1217322351.sql;l1_master_table;Deletion:DeleteTable;l1mt_version;NUMBER(11);FALSE;0;-
75;1217322351.sql;1217322513.sql;l1_master_table;Insertion:NewTable;l1mt_calo_info_id;NUMBER(10);FALSE;0;l1ci_id@l1_calo_info
75;1217322351.sql;1217322513.sql;l1_master_table;Insertion:NewTable;l1mt_comment;VARCHAR2(200);FALSE;0;-
75;1217322351.sql;1217322513.sql;l1_master_table;Insertion:NewTable;l1mt_dead_time_id;NUMBER(10);FALSE;0;l1dt_id@l1_dead_time
75;1217322351.sql;1217322513.sql;l1_master_table;Insertion:NewTable;l1mt_id;NUMBER(10);TRUE;0;-
75;1217322351.sql;1217322513.sql;l1_master_table;Insertion:NewTable;l1mt_modified_time;TIMESTAMP;FALSE;0;-
75;1217322351.sql;1217322513.sql;l1_master_table;Insertion:NewTable;l1mt_muctpi_info_id;NUMBER(10);FALSE;0;l1mi_id@l1_muctpi_info
75;1217322351.sql;1217322513.sql;l1_master_table;Insertion:NewTable;l1mt_muon_threshold_set_id;NUMBER(10);FALSE;0;l1mts_id@l1_muon_threshold_set
75;1217322351.sql;1217322513.sql;l1_master_table;Insertion:NewTable;l1mt_name;VARCHAR2(50);FALSE;0;-
75;1217322351.sql;1217322513.sql;l1_master_table;Insertion:NewTable;l1mt_prescaled_clock_id;NUMBER(10);FALSE;0;l1pc_id@l1_prescaled_clock
75;1217322351.sql;1217322513.sql;l1_master_table;Insertion:NewTable;l1mt_random_id;NUMBER(10);FALSE;0;l1r_id@l1_random
75;1217322351.sql;1217322513.sql;l1_master_table;Insertion:NewTable;l1mt_status;NUMBER(2);FALSE;0;-
75;1217322351.sql;1217322513.sql;l1_master_table;Insertion:NewTable;l1mt_trigger_menu_id;NUMBER(10);FALSE;0;l1tm_id@l1_trigger_menu
75;1217322351.sql;1217322513.sql;l1_master_table;Insertion:NewTable;l1mt_used;CHAR;FALSE;0;-
75;1217322351.sql;1217322513.sql;l1_master_table;Insertion:NewTable;l1mt_username;VARCHAR2(50);FALSE;0;-
75;1217322351.sql;1217322513.sql;l1_master_table;Insertion:NewTable;l1mt_version;NUMBER(11);FALSE;0;-
76;1217322513.sql;1217423928.sql;-;-;-;-;-;-;-
77;1217423928.sql;1217579566.sql;HLT_SMT_TO_HRE;Insertion:NewTable;smt2re_id;NUMBER(10);TRUE;0;-
77;1217423928.sql;1217579566.sql;HLT_SMT_TO_HRE;Insertion:NewTable;smt2re_modified_time;TIMESTAMP;FALSE;0;-
77;1217423928.sql;1217579566.sql;HLT_SMT_TO_HRE;Insertion:NewTable;smt2re_release_id;NUMBER(10);FALSE;0;-
77;1217423928.sql;1217579566.sql;HLT_SMT_TO_HRE;Insertion:NewTable;smt2re_super_master_table_id;NUMBER(10);FALSE;0;-
77;1217423928.sql;1217579566.sql;HLT_SMT_TO_HRE;Insertion:NewTable;smt2re_used;CHAR;FALSE;0;-
77;1217423928.sql;1217579566.sql;HLT_SMT_TO_HRE;Insertion:NewTable;smt2re_username;VARCHAR2(50);FALSE;0;-
77;1217423928.sql;1217579566.sql;hlt_master_table;Deletion:UpdateTable;hmt_release_id;NUMBER(10);FALSE;0;hre_id@hlt_release
77;1217423928.sql;1217579566.sql;hlt_release;Insertion:UpdateTable;hre_base;VARCHAR2(200);FALSE;0;-
77;1217423928.sql;1217579566.sql;hlt_release;Insertion:UpdateTable;hre_patch_1;VARCHAR2(200);FALSE;0;-
77;1217423928.sql;1217579566.sql;hlt_release;Insertion:UpdateTable;hre_patch_2;VARCHAR2(200);FALSE;0;-
77;1217423928.sql;1217579566.sql;hlt_release;Update:TypeChange;hre_name;VARCHAR2(200);FALSE;0;-
77;1217423928.sql;1217579566.sql;hlt_release;Deletion:UpdateTable;hre_version;NUMBER(10);FALSE;0;-
78;1217579566.sql;1218039237.sql;hlt_prescale_set_alias;Update:TypeChange;hpsa_default;NUMBER(1);FALSE;0;-
78;1217579566.sql;1218039237.sql;l1_muon_threshold_set;Update:TypeChange;l1mts_name;VARCHAR2(200);FALSE;0;-
78;1217579566.sql;1218039237.sql;l1_muon_threshold_set;Update:TypeChange;l1mts_rpc_available;NUMBER(1);FALSE;0;-
78;1217579566.sql;1218039237.sql;l1_muon_threshold_set;Update:TypeChange;l1mts_rpc_available_online;NUMBER(1);FALSE;0;-
78;1217579566.sql;1218039237.sql;l1_muon_threshold_set;Update:TypeChange;l1mts_tgc_available;NUMBER(1);FALSE;0;-
78;1217579566.sql;1218039237.sql;l1_muon_threshold_set;Update:TypeChange;l1mts_tgc_available_online;NUMBER(1);FALSE;0;-
78;1217579566.sql;1218039237.sql;l1_muon_threshold_set;Insertion:UpdateTable;l1mts_rpc_set_name;VARCHAR2(200);FALSE;0;-
78;1217579566.sql;1218039237.sql;l1_muon_threshold_set;Insertion:UpdateTable;l1mts_tgc_set_name;VARCHAR2(200);FALSE;0;-
78;1217579566.sql;1218039237.sql;l1_muon_threshold_set;Deletion:UpdateTable;l1mts_tgc_pt1_ext_id;NUMBER(10);FALSE;0;-
78;1217579566.sql;1218039237.sql;l1_muon_threshold_set;Deletion:UpdateTable;l1mts_tgc_pt2_ext_id;NUMBER(10);FALSE;0;-
78;1217579566.sql;1218039237.sql;l1_muon_threshold_set;Deletion:UpdateTable;l1mts_tgc_pt3_ext_id;NUMBER(10);FALSE;0;-
78;1217579566.sql;1218039237.sql;l1_muon_threshold_set;Deletion:UpdateTable;l1mts_tgc_pt4_ext_id;NUMBER(10);FALSE;0;-
78;1217579566.sql;1218039237.sql;l1_muon_threshold_set;Deletion:UpdateTable;l1mts_tgc_pt5_ext_id;NUMBER(10);FALSE;0;-
78;1217579566.sql;1218039237.sql;l1_muon_threshold_set;Deletion:UpdateTable;l1mts_tgc_pt6_ext_id;NUMBER(10);FALSE;0;-
78;1217579566.sql;1218039237.sql;l1_prescale_set;Update:TypeChange;l1ps_default;NUMBER(1);FALSE;0;-
78;1217579566.sql;1218039237.sql;l1_prescale_set;Update:TypeChange;l1ps_shift_safe;NUMBER(1);FALSE;0;-
78;1217579566.sql;1218039237.sql;l1_prescale_set_alias;Update:TypeChange;l1pa_default;NUMBER(1);FALSE;0;-
78;1217579566.sql;1218039237.sql;l1_random;Update:TypeChange;l1r_autoseed1;NUMBER(1);FALSE;0;-
78;1217579566.sql;1218039237.sql;l1_random;Update:TypeChange;l1r_autoseed2;NUMBER(1);FALSE;0;-
78;1217579566.sql;1218039237.sql;l1_trigger_menu;Update:TypeChange;l1tm_ctp_safe;NUMBER(1);FALSE;0;-
78;1217579566.sql;1218039237.sql;trigger_alias;Update:TypeChange;tal_default;NUMBER(1);FALSE;0;-
78;1217579566.sql;1218039237.sql;trigger_log;Update:TypeChange;tlog_message;VARCHAR2(2000);FALSE;0;-
78;1217579566.sql;1218039237.sql;trigger_log;Update:TypeChange;tlog_short;VARCHAR2(200);FALSE;0;-
79;1218039237.sql;1227616073.sql;-;-;-;-;-;-;-
80;1227616073.sql;1228915686.sql;DBCOPY_SOURCE_DATABASE;Insertion:NewTable;NAME_OF_DB;VARCHAR2(200);FALSE;0;-
81;1228915686.sql;1229693887.sql;hlt_trigger_chain;Insertion:UpdateTable;htc_rerun_prescale;VARCHAR2(50);FALSE;0;-
82;1229693887.sql;1232618634.sql;-;-;-;-;-;-;-
83;1232618634.sql;1237901952.sql;hlt_prescale_set_coll;Insertion:NewTable;hpsc_hltpsk;NUMBER(10);FALSE;0;hps_id@hlt_prescale_set
83;1232618634.sql;1237901952.sql;hlt_prescale_set_coll;Insertion:NewTable;hpsc_lb;NUMBER(5);TRUE;0;-
83;1232618634.sql;1237901952.sql;hlt_prescale_set_coll;Insertion:NewTable;hpsc_run;NUMBER(11);TRUE;0;-
84;1237901952.sql;1238314467.sql;hlt_prescale_set_coll;Insertion:UpdateTable;hpsc_partition;VARCHAR2(255);TRUE;0;-
